EmployeeNumber,Age,Gender,MaritalStatus,HireDate,TerminationDate,Attrition,Tenure,Age Group
1,41,Female,Single,9/10/2018,10/12/2019,Yes,1.1,36-45
2,49,Male,Married,8/9/2019,,No,6.3,46-55
4,37,Male,Single,5/10/2012,7/31/2019,Yes,7.2,36-45
5,33,Female,Married,7/18/2013,,No,12.4,26-35
7,27,Male,Married,2/4/2013,,No,12.8,26-35
8,32,Male,Single,12/31/2012,4/30/2018,Yes,5.3,26-35
10,59,Female,Married,4/30/2020,,No,5.6,55+
11,30,Male,Divorced,6/20/2018,,No,7.4,26-35
12,38,Male,Single,6/27/2014,,No,11.4,36-45
13,36,Male,Married,12/10/2015,,No,10,36-45
14,35,Male,Married,4/12/2011,3/2/2015,Yes,3.9,26-35
15,29,Female,Single,5/23/2013,,No,12.5,26-35
16,31,Male,Divorced,11/27/2010,,No,15,26-35
18,34,Male,Divorced,1/22/2014,1/8/2021,Yes,7,26-35
19,28,Male,Single,11/6/2015,8/21/2023,Yes,7.8,26-35
20,29,Female,Divorced,6/7/2019,,No,6.5,26-35
21,32,Male,Divorced,9/7/2018,,No,7.2,26-35
22,22,Male,Divorced,12/29/2017,,No,7.9,18-25
23,53,Female,Married,3/24/2020,,No,5.7,46-55
24,38,Male,Single,5/11/2010,5/29/2017,Yes,7.1,36-45
26,24,Female,Divorced,8/13/2014,,No,11.3,18-25
27,36,Male,Single,4/4/2019,6/13/2025,Yes,6.2,36-45
28,34,Female,Single,2/9/2012,,No,13.8,26-35
30,21,Male,Single,7/19/2016,2/7/2023,Yes,6.6,18-25
31,34,Male,Single,2/24/2014,3/10/2021,Yes,7,26-35
32,53,Female,Divorced,7/18/2019,,No,6.4,46-55
33,32,Female,Single,10/24/2017,9/18/2018,Yes,0.9,26-35
35,42,Male,Married,8/30/2016,10/21/2024,Yes,8.1,36-45
36,44,Female,Married,4/30/2013,,No,12.6,36-45
38,46,Female,Single,8/13/2012,,No,13.3,46-55
39,33,Male,Single,5/13/2016,12/24/2022,Yes,6.6,26-35
40,44,Male,Married,3/30/2013,,No,12.7,36-45
41,30,Male,Single,4/5/2011,,No,14.6,26-35
42,39,Male,Married,4/9/2019,12/5/2025,Yes,7.7,36-45
45,24,Male,Married,1/22/2010,7/21/2012,Yes,2.5,18-25
46,43,Female,Divorced,4/19/2016,,No,9.6,36-45
47,50,Male,Married,1/18/2012,7/16/2013,Yes,1.5,46-55
49,35,Female,Married,12/14/2017,,No,7.9,26-35
51,36,Female,Married,12/12/2019,,No,6,36-45
52,33,Female,Married,4/20/2011,2/7/2021,Yes,9.8,26-35
53,35,Male,Divorced,12/18/2012,,No,12.9,26-35
54,27,Female,Divorced,1/2/2017,2/3/2020,Yes,3.1,26-35
55,26,Male,Single,4/11/2020,4/19/2025,Yes,8,26-35
56,27,Male,Single,8/10/2015,,No,10.3,26-35
57,30,Female,Single,9/18/2019,,No,6.2,26-35
58,41,Female,Married,7/10/2017,10/4/2021,Yes,4.2,36-45
60,34,Male,Single,9/2/2012,,No,13.2,26-35
61,37,Male,Married,12/12/2014,2/11/2016,Yes,1.2,36-45
62,46,Male,Single,7/9/2010,12/28/2012,Yes,2.5,46-55
63,35,Male,Married,3/25/2018,4/30/2024,Yes,6.1,26-35
64,48,Male,Single,6/27/2017,10/22/2020,Yes,3.3,46-55
65,28,Male,Single,3/25/2018,11/30/2018,Yes,0.7,26-35
68,44,Female,Divorced,7/17/2011,,No,14.4,36-45
70,35,Male,Married,3/15/2015,,No,10.7,26-35
72,26,Female,Married,12/18/2019,,No,5.9,26-35
73,33,Female,Single,6/21/2013,,No,12.4,26-35
74,35,Male,Married,11/19/2017,,No,8,26-35
75,35,Female,Married,3/9/2014,10/5/2021,Yes,7.6,26-35
76,31,Male,Divorced,10/8/2018,,No,7.1,26-35
77,37,Male,Divorced,9/27/2019,2/9/2022,Yes,2.4,36-45
78,32,Male,Married,8/26/2020,,No,5.2,26-35
79,38,Female,Single,10/9/2011,11/6/2020,Yes,9.1,36-45
80,50,Female,Divorced,8/31/2015,,No,10.2,46-55
81,59,Female,Single,11/28/2017,,No,8,55+
83,36,Female,Divorced,1/24/2016,6/13/2019,Yes,3.4,36-45
84,55,Female,Divorced,7/21/2013,8/24/2020,Yes,7.1,46-55
85,36,Male,Single,9/1/2016,,No,9.2,36-45
86,45,Male,Divorced,8/24/2011,,No,14.3,36-45
88,35,Male,Married,6/21/2016,,No,9.4,26-35
90,36,Male,Married,8/24/2015,6/28/2017,Yes,1.8,36-45
91,59,Female,Single,8/30/2010,,No,15.2,55+
94,29,Male,Married,8/4/2015,,No,10.3,26-35
95,31,Male,Single,9/25/2017,12/13/2020,Yes,3.2,26-35
96,32,Male,Married,5/11/2019,,No,6.5,26-35
97,36,Female,Married,2/25/2017,1/15/2018,Yes,0.9,36-45
98,31,Female,Single,1/24/2018,,No,7.8,26-35
100,35,Male,Single,9/25/2013,,No,12.2,26-35
101,45,Male,Married,11/10/2015,,No,10,36-45
102,37,Male,Single,10/22/2013,10/19/2014,Yes,1,36-45
103,46,Male,Divorced,3/23/2018,,No,7.7,46-55
104,30,Male,Married,1/18/2014,12/15/2018,Yes,4.9,26-35
105,35,Male,Single,8/1/2019,,No,6.3,26-35
106,55,Male,Married,12/31/2016,,No,8.9,46-55
107,38,Female,Divorced,2/15/2012,,No,13.8,36-45
110,34,Male,Married,12/28/2020,,No,4.9,26-35
112,56,Male,Single,2/4/2010,,No,15.8,55+
113,23,Male,Divorced,3/3/2016,,No,9.7,18-25
116,51,Male,Married,8/19/2018,5/6/2020,Yes,1.7,46-55
117,30,Male,Married,5/10/2015,,No,10.5,26-35
118,46,Male,Single,5/5/2014,8/6/2017,Yes,3.3,46-55
119,40,Male,Married,10/18/2020,,No,5.1,36-45
120,51,Male,Single,6/22/2019,4/9/2022,Yes,2.8,46-55
121,30,Female,Divorced,6/1/2018,,No,7.5,26-35
124,46,Male,Married,10/18/2012,10/16/2014,Yes,2,46-55
125,32,Male,Single,6/24/2019,,No,6.4,26-35
126,54,Female,Married,2/26/2017,,No,8.7,46-55
128,24,Female,Married,2/3/2013,2/18/2021,Yes,8,18-25
129,28,Male,Married,7/10/2020,,No,5.4,26-35
131,58,Male,Single,8/29/2020,,No,5.2,55+
132,44,Male,Married,2/9/2014,,No,11.8,36-45
133,37,Male,Divorced,12/4/2011,8/1/2015,Yes,3.7,36-45
134,32,Male,Single,9/15/2016,,No,9.2,26-35
137,20,Female,Single,8/9/2017,10/23/2022,Yes,5.2,18-25
138,34,Female,Single,4/29/2014,,No,11.6,26-35
139,37,Male,Divorced,6/11/2010,5/24/2020,Yes,10,36-45
140,59,Female,Married,7/21/2010,,No,15.4,55+
141,50,Female,Married,6/5/2015,,No,10.5,46-55
142,25,Male,Single,9/22/2012,6/18/2015,Yes,2.7,18-25
143,25,Male,Married,5/6/2016,5/16/2022,Yes,6,18-25
144,22,Female,Single,10/9/2020,,No,5.1,18-25
145,51,Female,Single,3/26/2012,,No,13.7,46-55
147,34,Male,Single,2/25/2019,11/6/2019,Yes,0.7,26-35
148,54,Female,Single,4/1/2011,5/11/2015,Yes,4.1,46-55
150,24,Male,Married,9/4/2019,,No,6.2,18-25
151,34,Female,Divorced,5/26/2020,,No,5.5,26-35
152,37,Male,Single,6/29/2013,,No,12.4,36-45
153,34,Female,Single,10/13/2012,2/5/2019,Yes,6.3,26-35
154,36,Female,Married,5/1/2020,,No,5.6,36-45
155,36,Female,Divorced,6/1/2016,,No,9.5,36-45
158,43,Male,Married,5/24/2020,,No,5.5,36-45
159,30,Male,Divorced,7/30/2017,,No,8.3,26-35
160,33,Male,Married,6/17/2020,,No,5.4,26-35
161,56,Female,Married,12/4/2010,12/30/2014,Yes,4.1,55+
162,51,Male,Single,5/28/2012,2/4/2019,Yes,6.7,46-55
163,31,Male,Married,12/12/2012,7/15/2016,Yes,3.6,26-35
164,26,Female,Married,3/2/2012,,No,13.7,26-35
165,58,Female,Married,12/7/2020,6/6/2025,Yes,7.5,55+
167,19,Male,Single,3/14/2016,12/25/2017,Yes,1.8,18-25
169,22,Male,Married,2/3/2012,,No,13.8,18-25
170,49,Female,Married,2/14/2016,6/7/2019,Yes,3.3,46-55
171,43,Female,Single,1/15/2011,6/11/2014,Yes,3.4,36-45
174,50,Female,Single,5/8/2011,1/26/2013,Yes,1.7,46-55
175,31,Female,Married,7/10/2018,3/10/2021,Yes,2.7,26-35
176,41,Male,Divorced,3/26/2013,,No,12.7,36-45
177,26,Female,Married,8/25/2015,,No,10.3,26-35
178,36,Male,Divorced,8/20/2020,12/17/2023,Yes,3.3,36-45
179,51,Male,Single,3/6/2010,1/10/2015,Yes,4.9,46-55
182,39,Female,Married,10/3/2020,,No,5.1,36-45
183,25,Male,Married,9/15/2020,,No,5.2,18-25
184,30,Male,Married,1/12/2017,,No,8.9,26-35
190,32,Female,Single,9/29/2013,11/2/2021,Yes,8.1,26-35
192,45,Male,Single,2/26/2013,1/7/2016,Yes,2.9,36-45
193,38,Female,Single,7/21/2015,,No,10.3,36-45
194,30,Female,Single,5/19/2017,,No,8.5,26-35
195,32,Male,Divorced,2/4/2014,3/27/2021,Yes,7.1,26-35
197,30,Female,Divorced,8/1/2018,11/27/2022,Yes,4.3,26-35
198,30,Male,Single,3/8/2013,,No,12.7,26-35
199,41,Male,Divorced,3/3/2014,,No,11.7,36-45
200,41,Male,Married,3/25/2017,3/22/2022,Yes,5,36-45
201,19,Female,Single,1/27/2011,,No,14.8,18-25
202,40,Female,Divorced,8/26/2014,,No,11.2,36-45
204,35,Male,Married,2/23/2011,10/22/2020,Yes,9.7,26-35
205,53,Male,Married,5/25/2016,,No,9.5,46-55
206,45,Male,Divorced,1/14/2011,,No,14.9,36-45
207,32,Female,Single,12/2/2014,,No,11,26-35
208,29,Male,Married,10/2/2019,,No,6.1,26-35
211,51,Male,Married,3/28/2016,2/8/2024,Yes,7.9,46-55
214,58,Female,Married,5/24/2018,,No,7.5,55+
215,40,Male,Married,9/20/2015,,No,10.2,36-45
216,34,Female,Married,6/27/2018,,No,7.4,26-35
217,22,Male,Married,12/23/2015,5/11/2020,Yes,4.4,18-25
218,27,Male,Divorced,7/20/2010,,No,15.4,26-35
221,28,Male,Married,2/7/2015,,No,10.8,26-35
223,57,Male,Divorced,2/19/2012,,No,13.8,55+
224,27,Male,Divorced,2/25/2018,3/5/2021,Yes,3,26-35
226,50,Female,Single,7/2/2018,,No,7.4,46-55
227,41,Male,Divorced,7/17/2018,,No,7.4,36-45
228,30,Female,Married,5/18/2011,,No,14.5,26-35
230,38,Female,Single,9/20/2016,,No,9.2,36-45
231,32,Male,Single,12/25/2019,,No,5.9,26-35
233,27,Male,Married,10/18/2014,,No,11.1,26-35
235,19,Female,Single,3/15/2012,8/2/2016,Yes,4.4,18-25
238,36,Male,Single,11/17/2015,,No,10,36-45
239,30,Male,Divorced,6/24/2017,3/27/2019,Yes,1.8,26-35
240,45,Female,Divorced,3/11/2015,,No,10.7,36-45
241,56,Female,Divorced,8/5/2017,,No,8.3,55+
242,33,Male,Single,4/20/2014,,No,11.6,26-35
243,19,Male,Single,8/18/2012,7/8/2019,Yes,6.9,18-25
244,46,Female,Divorced,6/7/2020,,No,5.5,46-55
245,38,Female,Single,4/14/2017,,No,8.6,36-45
246,31,Female,Married,12/28/2020,,No,4.9,26-35
247,34,Female,Single,1/25/2014,,No,11.8,26-35
248,41,Female,Single,5/14/2017,11/1/2019,Yes,2.5,36-45
249,50,Male,Married,7/7/2020,,No,5.4,46-55
250,53,Female,Divorced,10/25/2012,1/13/2022,Yes,9.2,46-55
252,33,Female,Married,1/3/2019,,No,6.9,26-35
253,40,Female,Married,5/18/2011,2/3/2014,Yes,2.7,36-45
254,55,Male,Single,9/15/2017,,No,8.2,46-55
256,34,Male,Married,2/2/2011,4/25/2012,Yes,1.2,26-35
258,51,Female,Single,5/20/2012,,No,13.5,46-55
259,52,Male,Married,10/13/2017,,No,8.1,46-55
260,27,Female,Single,1/28/2011,,No,14.8,26-35
261,35,Male,Married,7/26/2010,8/16/2011,Yes,1.1,26-35
262,43,Male,Divorced,11/4/2012,2/1/2017,Yes,4.2,36-45
264,45,Male,Married,2/25/2015,,No,10.7,36-45
267,37,Male,Married,12/5/2019,,No,6,36-45
269,35,Female,Single,1/18/2018,,No,7.8,26-35
270,42,Female,Divorced,1/24/2014,,No,11.8,36-45
271,38,Male,Married,4/20/2020,,No,5.6,36-45
273,38,Male,Married,12/26/2019,,No,5.9,36-45
274,27,Male,Married,5/13/2012,4/6/2022,Yes,9.9,26-35
275,49,Male,Divorced,8/22/2017,,No,8.3,46-55
277,34,Male,Divorced,1/26/2019,,No,6.8,26-35
281,40,Male,Married,7/18/2011,7/9/2018,Yes,7,36-45
282,38,Male,Married,10/17/2012,10/5/2013,Yes,1,36-45
283,29,Female,Married,4/6/2010,12/25/2014,Yes,4.7,26-35
284,22,Male,Divorced,4/8/2015,7/3/2022,Yes,7.2,18-25
286,36,Female,Single,10/24/2014,,No,11.1,36-45
287,40,Male,Married,12/7/2016,,No,9,36-45
288,46,Male,Divorced,7/11/2019,,No,6.4,46-55
291,32,Male,Married,3/28/2016,7/4/2022,Yes,6.3,26-35
292,30,Male,Single,8/28/2017,,No,8.2,26-35
293,27,Female,Single,8/6/2014,,No,11.3,26-35
296,51,Male,Married,11/17/2018,,No,7,46-55
297,30,Female,Single,6/25/2011,6/30/2012,Yes,1,26-35
298,41,Female,Single,11/25/2012,,No,13,36-45
299,30,Female,Single,1/16/2017,11/13/2017,Yes,0.8,26-35
300,29,Male,Single,3/29/2013,10/29/2020,Yes,7.6,26-35
302,45,Female,Single,9/15/2020,,No,5.2,36-45
303,54,Female,Married,9/19/2014,,No,11.2,46-55
304,36,Male,Single,1/28/2019,,No,6.8,36-45
305,33,Female,Married,8/24/2018,,No,7.3,26-35
306,37,Male,Divorced,12/25/2014,,No,10.9,36-45
307,38,Male,Divorced,3/10/2017,,No,8.7,36-45
308,31,Male,Married,6/22/2017,,No,8.4,26-35
309,59,Male,Married,2/17/2017,,No,8.8,55+
311,37,Male,Divorced,5/17/2014,,No,11.5,36-45
312,29,Female,Married,5/19/2018,,No,7.5,26-35
314,35,Female,Single,5/17/2017,,No,8.5,26-35
315,29,Male,Single,3/6/2012,5/10/2019,Yes,7.2,26-35
316,52,Female,Single,11/17/2012,,No,13,46-55
319,42,Male,Married,7/2/2014,,No,11.4,36-45
321,59,Male,Married,12/7/2019,,No,6,55+
323,50,Female,Divorced,9/25/2013,,No,12.2,46-55
325,33,Male,Married,8/5/2020,6/24/2022,Yes,1.9,26-35
327,43,Female,Married,6/5/2015,,No,10.5,36-45
328,33,Female,Married,9/16/2013,5/20/2014,Yes,0.7,26-35
329,52,Male,Single,7/22/2014,3/22/2018,Yes,3.7,46-55
330,32,Female,Married,3/10/2014,,No,11.7,26-35
331,32,Male,Single,8/1/2015,2/7/2021,Yes,5.5,26-35
332,39,Female,Divorced,5/13/2019,,No,6.5,36-45
333,32,Male,Married,2/5/2014,,No,11.8,26-35
334,41,Male,Divorced,1/16/2019,8/1/2021,Yes,2.5,36-45
335,40,Male,Divorced,2/16/2016,,No,9.8,36-45
336,45,Male,Married,1/10/2019,1/5/2024,Yes,5,36-45
337,31,Male,Divorced,11/9/2013,,No,12,26-35
338,33,Female,Married,11/1/2013,,No,12.1,26-35
339,34,Male,Married,7/30/2013,,No,12.3,26-35
340,37,Female,Married,5/4/2017,,No,8.6,36-45
341,45,Male,Married,4/29/2017,,No,8.6,36-45
342,37,Male,Divorced,8/30/2012,11/22/2014,Yes,2.2,36-45
343,39,Female,Single,11/4/2014,11/25/2018,Yes,4.1,36-45
346,29,Male,Single,7/6/2013,8/20/2021,Yes,8.1,26-35
347,42,Female,Single,5/24/2019,4/14/2023,Yes,3.9,36-45
349,29,Male,Divorced,12/11/2011,,No,14,26-35
350,25,Female,Married,1/19/2014,,No,11.8,18-25
351,42,Female,Divorced,12/5/2013,,No,12,36-45
352,40,Male,Divorced,10/11/2011,,No,14.1,36-45
353,51,Male,Married,11/14/2010,,No,15,46-55
355,31,Male,Single,4/6/2020,10/11/2025,Yes,7.5,26-35
359,32,Male,Married,1/10/2019,,No,6.9,26-35
361,38,Male,Married,8/26/2020,,No,5.2,36-45
362,32,Male,Single,6/11/2013,,No,12.5,26-35
363,46,Female,Married,11/15/2011,,No,14,46-55
364,28,Male,Single,10/26/2011,9/17/2013,Yes,1.9,26-35
366,29,Male,Married,6/22/2015,,No,10.4,26-35
367,31,Male,Married,9/3/2020,5/6/2022,Yes,1.7,26-35
369,25,Male,Divorced,6/8/2019,,No,6.5,18-25
372,45,Male,Married,4/1/2020,,No,5.6,36-45
373,36,Male,Married,6/20/2014,3/24/2020,Yes,5.8,36-45
374,55,Male,Single,2/4/2014,,No,11.8,46-55
376,47,Male,Married,1/18/2019,1/23/2024,Yes,5,46-55
377,28,Male,Married,4/21/2020,,No,5.6,26-35
378,37,Male,Married,2/10/2013,,No,12.8,36-45
379,21,Male,Single,1/28/2015,7/8/2018,Yes,3.4,18-25
380,37,Female,Divorced,3/1/2014,11/8/2015,Yes,1.7,36-45
381,35,Female,Divorced,10/25/2016,,No,9.1,26-35
382,38,Female,Divorced,7/18/2011,,No,14.4,36-45
384,26,Female,Divorced,7/15/2013,,No,12.4,26-35
385,50,Male,Divorced,10/22/2019,,No,6.1,46-55
386,53,Male,Married,8/14/2020,,No,5.3,46-55
387,42,Male,Married,6/20/2019,,No,6.4,36-45
388,29,Male,Single,6/21/2019,,No,6.4,26-35
389,55,Male,Married,9/20/2018,,No,7.2,46-55
390,26,Male,Married,6/25/2014,11/30/2020,Yes,6.4,26-35
391,37,Female,Single,2/14/2020,,No,5.8,36-45
392,44,Male,Divorced,3/19/2018,10/15/2019,Yes,1.6,36-45
393,38,Male,Divorced,8/19/2018,,No,7.3,36-45
394,26,Male,Divorced,11/30/2011,11/9/2012,Yes,0.9,26-35
395,28,Female,Single,12/1/2015,12/1/2017,Yes,2,26-35
396,49,Female,Single,1/2/2010,4/18/2016,Yes,6.3,46-55
397,36,Male,Single,10/4/2011,,No,14.1,36-45
399,31,Female,Divorced,3/17/2016,,No,9.7,26-35
401,26,Male,Single,5/9/2014,7/15/2017,Yes,3.2,26-35
403,37,Male,Married,5/4/2012,10/1/2018,Yes,6.4,36-45
404,42,Female,Married,10/26/2014,,No,11.1,36-45
405,18,Male,Single,1/10/2019,2/21/2022,Yes,3.1,18-25
406,35,Male,Married,8/29/2016,,No,9.2,26-35
407,36,Male,Married,7/7/2019,,No,6.4,36-45
408,51,Male,Divorced,7/20/2014,,No,11.4,46-55
410,41,Male,Single,2/27/2013,,No,12.7,36-45
411,18,Female,Single,12/12/2012,,No,13,18-25
412,28,Male,Single,9/4/2014,,No,11.2,26-35
416,31,Male,Married,8/9/2017,,No,8.3,26-35
417,39,Male,Divorced,8/23/2014,11/12/2019,Yes,5.2,36-45
419,36,Female,Married,9/30/2014,,No,11.2,36-45
420,32,Male,Married,12/10/2013,,No,12,26-35
421,38,Female,Married,4/13/2016,,No,9.6,36-45
422,58,Male,Divorced,4/15/2012,,No,13.6,55+
423,31,Male,Married,8/12/2019,1/18/2021,Yes,1.4,26-35
424,31,Male,Married,7/22/2010,12/9/2013,Yes,3.4,26-35
425,45,Male,Divorced,11/30/2018,,No,7,36-45
426,31,Male,Divorced,5/3/2010,,No,15.6,26-35
428,33,Female,Married,2/5/2011,,No,14.8,26-35
429,39,Male,Married,2/6/2012,,No,13.8,36-45
430,43,Female,Single,10/21/2010,11/8/2015,Yes,5.1,36-45
431,49,Female,Single,5/16/2016,,No,9.5,46-55
433,52,Male,Married,9/13/2020,6/27/2025,Yes,5.8,46-55
434,27,Female,Single,1/10/2018,,No,7.9,26-35
436,32,Female,Married,1/30/2020,,No,5.8,26-35
437,27,Male,Single,7/17/2010,,No,15.4,26-35
438,31,Male,Divorced,4/18/2018,,No,7.6,26-35
439,32,Female,Single,4/15/2015,7/17/2016,Yes,1.3,26-35
440,28,Male,Married,10/23/2019,6/29/2022,Yes,2.7,26-35
441,30,Female,Married,8/31/2017,1/17/2024,Yes,6.4,26-35
442,31,Female,Married,1/1/2016,5/29/2018,Yes,2.4,26-35
444,39,Male,Married,9/1/2011,,No,14.2,36-45
445,39,Female,Married,12/17/2018,1/15/2023,Yes,4.1,36-45
446,33,Male,Single,2/21/2013,,No,12.8,26-35
447,47,Male,Married,7/6/2010,1/13/2014,Yes,3.5,46-55
448,43,Female,Divorced,4/21/2019,,No,6.6,36-45
449,27,Male,Married,11/16/2016,,No,9,26-35
450,54,Female,Single,5/14/2019,,No,6.5,46-55
451,43,Female,Married,11/30/2014,,No,11,36-45
452,45,Male,Married,10/22/2011,,No,14.1,36-45
453,40,Male,Married,9/12/2017,,No,8.2,36-45
454,29,Male,Married,3/22/2018,5/19/2021,Yes,3.2,26-35
455,29,Male,Single,5/10/2015,12/3/2024,Yes,9.6,26-35
456,30,Female,Divorced,9/16/2016,1/13/2024,Yes,7.3,26-35
458,27,Female,Married,10/1/2013,,No,12.2,26-35
460,37,Male,Divorced,6/10/2015,10/5/2018,Yes,3.3,36-45
461,38,Male,Divorced,3/15/2014,4/18/2024,Yes,10.1,36-45
462,31,Female,Single,5/27/2010,5/26/2013,Yes,3,26-35
463,29,Female,Divorced,10/25/2018,4/4/2021,Yes,2.4,26-35
464,35,Male,Single,12/21/2017,6/2/2022,Yes,4.4,26-35
465,23,Male,Divorced,10/1/2014,,No,11.2,18-25
466,41,Male,Single,1/18/2015,,No,10.9,36-45
467,47,Male,Single,5/4/2011,,No,14.6,46-55
468,42,Female,Single,2/24/2018,2/22/2024,Yes,6,36-45
469,29,Male,Married,5/14/2015,,No,10.5,26-35
470,42,Male,Divorced,7/22/2014,,No,11.3,36-45
471,32,Female,Married,2/11/2017,,No,8.8,26-35
473,48,Female,Married,7/13/2016,,No,9.4,46-55
474,37,Male,Divorced,12/29/2017,,No,7.9,36-45
475,30,Female,Married,10/3/2011,9/29/2019,Yes,8,26-35
476,26,Male,Married,12/8/2014,,No,11,26-35
477,42,Male,Single,11/25/2016,,No,9,36-45
478,21,Female,Single,5/24/2015,12/6/2016,Yes,1.5,18-25
479,36,Female,Single,1/8/2016,7/16/2021,Yes,5.5,36-45
481,36,Male,Married,12/9/2013,,No,12,36-45
482,57,Male,Married,3/24/2019,,No,6.7,55+
483,40,Female,Married,6/23/2014,,No,11.4,36-45
484,21,Male,Single,9/20/2010,1/23/2013,Yes,2.3,18-25
485,33,Female,Single,11/23/2014,9/13/2017,Yes,2.8,26-35
486,37,Female,Married,1/1/2016,,No,9.9,36-45
487,46,Female,Married,7/21/2016,,No,9.3,46-55
488,41,Male,Single,9/16/2011,6/2/2013,Yes,1.7,36-45
491,50,Male,Single,10/13/2012,3/15/2020,Yes,7.4,46-55
492,40,Male,Married,12/23/2019,10/31/2024,Yes,4.9,36-45
493,31,Male,Single,5/30/2012,10/24/2019,Yes,7.4,26-35
494,21,Female,Single,8/12/2015,10/8/2017,Yes,2.2,18-25
495,29,Male,Single,1/23/2018,,No,7.8,26-35
496,35,Male,Single,8/20/2013,11/14/2017,Yes,4.2,26-35
497,27,Male,Divorced,4/20/2016,10/1/2021,Yes,5.5,26-35
498,28,Male,Single,3/12/2020,,No,5.7,26-35
499,49,Male,Single,3/29/2011,,No,14.7,46-55
500,51,Female,Married,7/6/2018,3/31/2021,Yes,2.7,46-55
501,36,Female,Married,3/29/2013,8/31/2020,Yes,7.4,36-45
502,34,Male,Single,5/21/2018,10/11/2020,Yes,2.4,26-35
505,55,Female,Single,8/19/2015,5/3/2023,Yes,7.7,46-55
507,24,Female,Divorced,1/18/2019,,No,6.8,18-25
508,30,Male,Married,9/6/2018,,No,7.2,26-35
510,26,Male,Single,8/10/2014,7/27/2018,Yes,4,26-35
511,22,Female,Married,11/3/2017,,No,8.1,18-25
513,36,Male,Married,3/5/2016,7/9/2023,Yes,7.3,36-45
514,30,Male,Single,2/28/2013,2/12/2017,Yes,4,26-35
515,37,Female,Divorced,2/8/2011,,No,14.8,36-45
516,40,Female,Divorced,1/9/2016,,No,9.9,36-45
517,42,Female,Divorced,10/3/2015,11/24/2017,Yes,2.1,36-45
518,37,Male,Single,9/27/2018,7/23/2021,Yes,2.8,36-45
520,43,Male,Divorced,8/24/2014,7/4/2022,Yes,7.9,36-45
521,40,Female,Married,12/5/2020,3/4/2024,Yes,3.2,36-45
522,54,Male,Married,9/20/2011,11/1/2013,Yes,2.1,46-55
523,34,Female,Married,8/10/2011,8/10/2018,Yes,7,26-35
524,31,Female,Married,7/7/2014,,No,11.4,26-35
525,43,Male,Married,12/14/2013,,No,11.9,36-45
526,43,Female,Divorced,12/16/2013,,No,11.9,36-45
527,25,Female,Single,4/14/2010,,No,15.6,18-25
529,37,Female,Married,9/28/2020,,No,5.2,36-45
530,31,Male,Married,9/11/2010,8/5/2011,Yes,0.9,26-35
531,39,Male,Divorced,1/12/2019,,No,6.9,36-45
532,56,Female,Married,9/19/2018,,No,7.2,55+
533,30,Female,Single,1/1/2017,,No,8.9,26-35
534,41,Male,Married,2/5/2014,,No,11.8,36-45
536,28,Male,Divorced,4/9/2010,,No,15.6,26-35
538,25,Male,Married,1/10/2016,7/20/2020,Yes,4.5,18-25
543,52,Male,Married,2/28/2015,,No,10.7,46-55
544,45,Male,Married,2/9/2018,,No,7.8,36-45
546,52,Female,Married,4/4/2015,,No,10.6,46-55
547,42,Female,Divorced,5/27/2012,8/26/2015,Yes,3.2,36-45
548,30,Female,Single,12/4/2010,,No,15,26-35
549,60,Female,Married,5/5/2020,,No,5.6,55+
550,46,Female,Divorced,11/9/2017,5/5/2021,Yes,3.5,46-55
551,42,Female,Married,11/9/2018,,No,7,36-45
554,24,Female,Single,5/19/2020,3/16/2025,Yes,4.8,18-25
555,34,Female,Divorced,8/14/2012,10/26/2020,Yes,8.2,26-35
556,38,Male,Married,9/1/2014,3/12/2018,Yes,3.5,36-45
558,40,Female,Married,6/10/2010,,No,15.5,36-45
560,26,Female,Divorced,5/23/2014,,No,11.5,26-35
562,30,Male,Married,10/19/2017,,No,8.1,26-35
564,29,Male,Married,2/2/2011,4/27/2017,Yes,6.2,26-35
565,29,Female,Married,7/24/2013,12/20/2017,Yes,4.4,26-35
566,19,Male,Single,3/26/2012,12/20/2016,Yes,4.7,18-25
567,30,Female,Married,12/1/2020,,No,5,26-35
568,57,Male,Divorced,3/8/2014,,No,11.7,55+
569,50,Male,Married,4/4/2015,7/1/2021,Yes,6.2,46-55
571,30,Female,Single,11/16/2013,1/24/2023,Yes,9.2,26-35
573,60,Female,Married,3/4/2013,,No,12.7,55+
574,47,Female,Divorced,5/3/2013,9/13/2017,Yes,4.4,46-55
575,46,Male,Married,2/5/2011,,No,14.8,46-55
577,35,Male,Single,10/2/2011,,No,14.2,26-35
578,54,Female,Single,7/2/2018,1/6/2022,Yes,3.5,46-55
579,34,Male,Divorced,6/28/2017,,No,8.4,26-35
580,46,Female,Married,4/5/2011,,No,14.6,46-55
581,31,Male,Divorced,8/12/2012,,No,13.3,26-35
582,33,Male,Married,10/29/2020,1/20/2025,Yes,5.2,26-35
584,33,Male,Divorced,4/15/2011,5/28/2017,Yes,6.1,26-35
585,30,Male,Single,6/9/2019,3/18/2021,Yes,1.8,26-35
586,35,Male,Married,11/11/2012,7/31/2015,Yes,2.7,26-35
587,31,Male,Married,8/29/2017,6/23/2022,Yes,4.8,26-35
590,34,Female,Divorced,8/21/2014,3/20/2016,Yes,1.6,26-35
591,42,Male,Married,9/17/2015,,No,10.2,36-45
592,36,Male,Single,3/27/2016,,No,9.7,36-45
593,22,Male,Single,5/30/2019,7/28/2025,Yes,8.2,18-25
595,48,Female,Married,7/17/2011,7/8/2021,Yes,10,46-55
597,55,Female,Single,10/21/2016,,No,9.1,46-55
599,41,Male,Single,12/5/2014,3/4/2017,Yes,2.2,36-45
600,35,Male,Married,3/9/2019,10/15/2022,Yes,3.6,26-35
601,40,Female,Single,9/6/2015,2/4/2024,Yes,8.4,36-45
602,39,Female,Married,8/14/2010,,No,15.3,36-45
604,31,Male,Single,3/3/2019,9/25/2023,Yes,4.6,26-35
605,42,Male,Married,3/8/2012,,No,13.7,36-45
606,45,Male,Married,1/29/2020,,No,5.8,36-45
608,26,Female,Divorced,5/20/2016,7/5/2024,Yes,8.1,26-35
611,29,Male,Divorced,1/5/2018,8/1/2019,Yes,1.6,26-35
612,33,Female,Divorced,8/17/2012,,No,13.3,26-35
613,31,Male,Divorced,2/13/2014,9/14/2024,Yes,10.6,26-35
614,18,Male,Single,3/29/2011,6/12/2013,Yes,2.2,18-25
615,40,Male,Divorced,5/26/2018,,No,7.5,36-45
616,41,Female,Single,9/5/2020,,No,5.2,36-45
618,26,Male,Divorced,3/26/2012,,No,13.7,26-35
620,35,Female,Single,10/21/2011,,No,14.1,26-35
621,34,Male,Single,10/28/2019,,No,6.1,26-35
622,26,Male,Single,7/1/2011,3/5/2014,Yes,2.7,26-35
623,37,Female,Single,4/30/2013,,No,12.6,36-45
624,46,Female,Married,7/18/2018,,No,7.4,46-55
625,41,Female,Married,10/24/2019,,No,6.1,36-45
626,37,Male,Divorced,1/17/2010,6/26/2012,Yes,2.4,36-45
630,52,Male,Divorced,11/18/2018,,No,7,46-55
631,32,Male,Married,5/28/2013,10/23/2019,Yes,6.4,26-35
632,24,Male,Married,1/15/2016,,No,9.9,18-25
634,38,Female,Married,11/29/2016,,No,9,36-45
635,37,Female,Married,12/5/2012,5/6/2019,Yes,6.4,36-45
638,49,Male,Divorced,6/7/2019,,No,6.5,46-55
639,24,Male,Married,1/9/2017,3/8/2023,Yes,6.2,18-25
641,26,Male,Married,11/17/2015,8/15/2022,Yes,6.7,26-35
643,24,Male,Married,11/7/2020,,No,5,18-25
644,50,Male,Married,11/4/2014,8/27/2023,Yes,8.8,46-55
645,25,Male,Married,11/26/2012,8/31/2019,Yes,6.8,18-25
647,24,Female,Married,5/16/2016,4/23/2017,Yes,0.9,18-25
648,30,Male,Married,5/14/2019,3/14/2020,Yes,0.8,26-35
649,34,Male,Married,12/19/2016,6/4/2021,Yes,4.5,26-35
650,31,Male,Divorced,10/29/2010,7/24/2016,Yes,5.7,26-35
652,35,Male,Single,6/30/2010,,No,15.4,26-35
653,31,Male,Divorced,8/30/2011,,No,14.2,26-35
655,27,Female,Divorced,9/6/2018,,No,7.2,26-35
656,37,Male,Married,12/1/2011,,No,14,36-45
657,20,Female,Single,9/19/2012,,No,13.2,18-25
659,42,Female,Married,2/13/2013,11/25/2015,Yes,2.8,36-45
661,43,Male,Divorced,7/10/2010,,No,15.4,36-45
662,38,Female,Single,4/19/2016,,No,9.6,36-45
663,43,Male,Divorced,9/7/2012,,No,13.2,36-45
664,48,Female,Married,2/23/2018,8/27/2019,Yes,1.5,46-55
665,44,Female,Single,6/30/2015,,No,10.4,36-45
666,34,Female,Divorced,3/30/2013,,No,12.7,26-35
667,27,Male,Divorced,2/10/2019,3/23/2020,Yes,1.1,26-35
669,21,Male,Single,4/18/2019,,No,6.6,18-25
671,44,Male,Married,5/8/2010,,No,15.6,36-45
675,22,Male,Married,8/28/2015,,No,10.2,18-25
677,33,Male,Divorced,12/22/2014,,No,10.9,26-35
679,32,Female,Married,10/25/2014,,No,11.1,26-35
680,30,Female,Divorced,2/26/2017,,No,8.7,26-35
682,53,Female,Single,7/24/2011,10/5/2020,Yes,9.2,46-55
683,34,Male,Married,9/8/2013,,No,12.2,26-35
684,45,Female,Married,3/11/2015,1/4/2020,Yes,4.8,36-45
686,26,Female,Married,6/26/2017,,No,8.4,26-35
689,37,Male,Married,7/30/2020,,No,5.3,36-45
690,29,Female,Married,9/18/2011,,No,14.2,26-35
691,35,Male,Single,3/14/2019,,No,6.7,26-35
692,33,Male,Divorced,12/28/2020,,No,4.9,26-35
698,54,Male,Married,12/11/2017,,No,8,46-55
699,36,Male,Divorced,8/14/2014,,No,11.3,36-45
700,27,Male,Single,3/29/2018,11/14/2020,Yes,2.6,26-35
701,20,Male,Single,2/28/2020,3/17/2022,Yes,2,18-25
702,33,Male,Single,6/4/2010,10/28/2011,Yes,1.4,26-35
704,35,Male,Married,12/12/2016,,No,9,26-35
705,23,Male,Married,11/10/2013,,No,12,18-25
707,25,Male,Married,2/24/2012,1/23/2013,Yes,0.9,18-25
709,38,Female,Single,9/11/2018,12/10/2024,Yes,6.3,36-45
710,29,Male,Divorced,12/14/2020,3/30/2024,Yes,3.3,26-35
712,48,Male,Married,6/27/2019,,No,6.4,46-55
714,27,Female,Divorced,8/18/2020,,No,5.3,26-35
715,37,Male,Single,9/3/2010,,No,15.2,36-45
716,50,Male,Married,11/22/2018,,No,7,46-55
717,34,Female,Single,7/8/2018,,No,7.4,26-35
720,24,Female,Single,2/9/2014,1/25/2016,Yes,2,18-25
721,39,Female,Single,9/2/2014,,No,11.2,36-45
722,32,Male,Single,9/7/2017,,No,8.2,26-35
723,50,Male,Married,6/22/2011,8/20/2014,Yes,3.2,46-55
724,38,Female,Single,3/6/2015,9/7/2020,Yes,5.5,36-45
725,27,Female,Married,1/16/2015,,No,10.9,26-35
727,32,Female,Single,7/9/2012,,No,13.4,26-35
728,47,Male,Single,9/21/2016,,No,9.2,46-55
729,40,Male,Married,6/9/2011,,No,14.5,36-45
730,53,Male,Married,11/15/2017,,No,8,46-55
731,41,Male,Divorced,3/10/2014,,No,11.7,36-45
732,60,Male,Single,1/29/2018,,No,7.8,55+
733,27,Male,Divorced,9/1/2020,,No,5.2,26-35
734,41,Male,Married,2/5/2010,8/29/2012,Yes,2.6,36-45
738,50,Male,Married,11/16/2011,10/2/2021,Yes,9.9,46-55
741,28,Female,Single,1/20/2010,1/19/2012,Yes,2,26-35
742,36,Female,Married,6/26/2016,,No,9.4,36-45
743,38,Female,Single,7/14/2020,,No,5.4,36-45
744,44,Male,Single,1/3/2017,,No,8.9,36-45
746,47,Female,Divorced,2/4/2011,,No,14.8,46-55
747,30,Male,Divorced,5/25/2017,,No,8.5,26-35
749,29,Male,Single,8/29/2012,,No,13.2,26-35
752,42,Male,Divorced,3/22/2015,3/16/2017,Yes,2,36-45
754,43,Male,Married,11/23/2016,,No,9,36-45
757,34,Female,Single,3/12/2013,11/29/2021,Yes,8.7,26-35
758,23,Male,Married,1/20/2013,5/22/2015,Yes,2.3,18-25
760,39,Female,Married,5/19/2019,,No,6.5,36-45
762,56,Male,Married,4/13/2012,,No,13.6,55+
763,40,Female,Single,12/29/2014,,No,10.9,36-45
764,27,Female,Single,8/6/2017,,No,8.3,26-35
766,29,Male,Divorced,6/6/2015,,No,10.5,26-35
769,53,Male,Single,5/3/2012,12/18/2021,Yes,9.6,46-55
771,35,Female,Divorced,2/20/2010,7/18/2016,Yes,6.4,26-35
772,32,Male,Married,3/25/2020,,No,5.7,26-35
773,38,Male,Married,4/27/2020,,No,5.6,36-45
775,34,Female,Divorced,7/29/2011,5/10/2016,Yes,4.8,26-35
776,52,Male,Married,12/6/2018,,No,7,46-55
780,33,Male,Single,2/22/2013,7/7/2014,Yes,1.4,26-35
781,25,Female,Single,1/7/2016,3/25/2023,Yes,7.2,18-25
783,45,Male,Single,6/19/2016,1/4/2019,Yes,2.5,36-45
784,23,Male,Single,3/2/2017,6/12/2023,Yes,6.3,18-25
785,47,Female,Single,5/7/2019,5/8/2024,Yes,5,46-55
786,34,Male,Single,6/10/2016,8/15/2019,Yes,3.2,26-35
787,55,Male,Married,9/12/2014,10/1/2018,Yes,4.1,46-55
789,36,Male,Single,11/13/2011,,No,14,36-45
791,52,Male,Married,4/17/2012,,No,13.6,46-55
792,26,Female,Divorced,7/21/2020,,No,5.3,26-35
793,29,Female,Married,12/13/2012,10/20/2021,Yes,8.9,26-35
796,26,Male,Single,5/9/2018,5/20/2024,Yes,6,26-35
797,34,Female,Single,10/27/2016,,No,9.1,26-35
799,54,Female,Divorced,4/14/2017,,No,8.6,46-55
800,27,Male,Married,4/29/2018,,No,7.6,26-35
802,37,Female,Divorced,4/30/2016,,No,9.6,36-45
803,38,Female,Single,7/22/2018,,No,7.3,36-45
804,34,Female,Single,5/15/2014,,No,11.5,26-35
805,35,Female,Married,5/10/2018,,No,7.5,26-35
806,30,Male,Married,2/9/2020,,No,5.8,26-35
807,40,Female,Married,1/5/2010,6/14/2013,Yes,3.4,36-45
808,34,Female,Married,1/31/2013,6/4/2020,Yes,7.3,26-35
809,42,Male,Divorced,5/4/2013,3/1/2021,Yes,7.8,36-45
811,23,Male,Married,2/13/2012,4/8/2016,Yes,4.2,18-25
812,24,Male,Divorced,5/26/2012,,No,13.5,18-25
813,52,Female,Married,9/18/2012,6/20/2019,Yes,6.8,46-55
815,50,Male,Married,1/10/2018,,No,7.9,46-55
816,29,Female,Married,5/15/2019,11/17/2022,Yes,3.5,26-35
817,33,Male,Married,2/16/2010,9/16/2013,Yes,3.6,26-35
819,33,Female,Single,12/24/2017,1/9/2025,Yes,8,26-35
820,47,Female,Married,11/10/2017,1/8/2020,Yes,2.2,46-55
823,36,Female,Married,3/3/2018,,No,7.7,36-45
824,29,Male,Married,8/27/2020,,No,5.2,26-35
825,58,Male,Single,5/27/2017,4/17/2018,Yes,0.9,55+
826,35,Female,Single,9/26/2010,,No,15.2,26-35
827,42,Female,Married,1/5/2011,,No,14.9,36-45
828,28,Male,Single,9/28/2011,8/6/2015,Yes,3.9,26-35
829,36,Male,Married,2/3/2013,,No,12.8,36-45
830,32,Female,Married,8/21/2014,3/26/2022,Yes,7.6,26-35
832,40,Male,Single,8/10/2014,,No,11.3,36-45
833,30,Female,Single,10/19/2011,,No,14.1,26-35
834,45,Female,Single,4/30/2010,10/21/2017,Yes,7.5,36-45
836,42,Male,Married,4/10/2012,12/8/2013,Yes,1.7,36-45
837,38,Male,Divorced,12/16/2014,,No,10.9,36-45
838,34,Female,Single,1/24/2020,11/28/2021,Yes,1.8,26-35
840,49,Female,Married,12/17/2012,1/28/2019,Yes,6.1,46-55
842,55,Male,Single,5/29/2015,9/9/2019,Yes,4.3,46-55
843,43,Male,Married,10/1/2013,7/1/2019,Yes,5.8,36-45
844,27,Male,Divorced,1/11/2012,8/18/2016,Yes,4.6,26-35
845,35,Male,Single,9/16/2019,,No,6.2,26-35
846,28,Female,Married,4/27/2010,1/29/2020,Yes,9.8,26-35
847,34,Male,Married,1/28/2015,,No,10.8,26-35
848,26,Female,Married,10/9/2017,2/3/2025,Yes,7.3,26-35
850,27,Male,Married,2/24/2013,,No,12.8,26-35
851,51,Female,Married,6/27/2019,,No,6.4,46-55
852,44,Male,Single,4/16/2015,,No,10.6,36-45
854,25,Male,Single,10/9/2012,,No,13.1,18-25
855,33,Male,Divorced,7/23/2014,,No,11.3,26-35
856,35,Female,Single,12/17/2012,11/19/2018,Yes,5.9,26-35
857,36,Male,Married,9/26/2011,,No,14.2,36-45
859,32,Male,Divorced,5/28/2011,,No,14.5,26-35
861,30,Male,Divorced,6/19/2020,,No,5.4,26-35
862,53,Female,Married,10/20/2017,,No,8.1,46-55
864,45,Male,Divorced,1/24/2013,,No,12.8,36-45
865,32,Female,Married,2/27/2020,,No,5.7,26-35
867,52,Female,Married,2/15/2013,,No,12.8,46-55
868,37,Male,Divorced,7/14/2011,2/12/2015,Yes,3.6,36-45
869,28,Male,Divorced,1/21/2020,,No,5.8,26-35
872,22,Male,Married,5/3/2011,1/2/2021,Yes,9.7,18-25
874,44,Male,Married,1/22/2019,,No,6.8,36-45
875,42,Male,Single,10/31/2020,,No,5.1,36-45
878,36,Male,Married,6/15/2012,,No,13.4,36-45
879,25,Male,Married,2/26/2019,,No,6.7,18-25
880,35,Female,Married,4/27/2013,,No,12.6,26-35
881,35,Female,Divorced,12/5/2011,2/29/2016,Yes,4.2,26-35
882,32,Male,Divorced,1/10/2014,,No,11.9,26-35
885,25,Male,Married,8/4/2011,,No,14.3,18-25
887,49,Female,Married,10/8/2017,,No,8.1,46-55
888,24,Male,Married,12/18/2017,,No,7.9,18-25
889,32,Male,Married,4/13/2016,,No,9.6,26-35
893,38,Male,Married,8/14/2018,,No,7.3,36-45
894,42,Female,Married,6/3/2010,1/16/2015,Yes,4.6,36-45
895,31,Male,Married,8/7/2014,,No,11.3,26-35
896,29,Female,Divorced,8/8/2019,11/22/2023,Yes,4.3,26-35
897,53,Male,Married,9/23/2012,10/17/2014,Yes,2.1,46-55
899,35,Male,Married,8/24/2018,,No,7.3,26-35
900,37,Female,Married,7/7/2017,4/12/2020,Yes,2.8,36-45
901,53,Female,Single,3/11/2019,,No,6.7,46-55
902,43,Female,Married,5/28/2013,6/27/2021,Yes,8.1,36-45
903,47,Female,Married,12/28/2012,,No,12.9,46-55
904,37,Male,Single,7/16/2018,,No,7.4,36-45
905,50,Male,Divorced,10/5/2012,,No,13.1,46-55
909,39,Female,Married,11/12/2015,,No,10,36-45
910,33,Male,Divorced,11/9/2014,,No,11,26-35
911,32,Male,Single,8/15/2012,10/20/2015,Yes,3.2,26-35
912,29,Female,Divorced,5/18/2018,,No,7.5,26-35
913,44,Male,Married,3/29/2011,7/25/2018,Yes,7.3,36-45
916,28,Male,Single,5/12/2013,,No,12.5,26-35
918,58,Male,Divorced,2/7/2018,7/1/2025,Yes,7.4,55+
920,43,Female,Divorced,3/15/2016,,No,9.7,36-45
922,20,Female,Single,11/26/2016,9/3/2020,Yes,3.8,18-25
923,21,Female,Single,10/15/2016,2/26/2019,Yes,2.4,18-25
924,36,Male,Married,7/16/2016,3/11/2018,Yes,1.7,36-45
925,47,Female,Single,7/5/2011,,No,14.4,46-55
926,22,Female,Married,6/24/2014,11/8/2019,Yes,5.4,18-25
927,41,Female,Divorced,8/5/2013,4/4/2014,Yes,0.7,36-45
930,28,Female,Divorced,2/8/2019,,No,6.8,26-35
932,39,Male,Married,10/24/2014,1/20/2019,Yes,4.2,36-45
933,27,Female,Single,12/23/2010,,No,14.9,26-35
934,34,Male,Divorced,9/2/2015,,No,10.2,26-35
936,42,Female,Single,11/21/2014,,No,11,36-45
939,33,Male,Single,1/13/2017,,No,8.9,26-35
940,58,Female,Divorced,11/17/2014,,No,11,55+
941,31,Male,Married,9/13/2020,,No,5.2,26-35
942,35,Female,Married,9/7/2018,,No,7.2,26-35
944,49,Female,Married,10/20/2017,7/30/2020,Yes,2.8,46-55
945,48,Male,Married,11/26/2018,8/10/2020,Yes,1.7,46-55
947,31,Female,Married,1/8/2019,,No,6.9,26-35
949,36,Male,Single,11/21/2020,,No,5,36-45
950,38,Female,Married,9/10/2017,2/24/2021,Yes,3.5,36-45
951,32,Female,Married,3/19/2020,,No,5.7,26-35
952,25,Male,Married,10/25/2016,4/27/2024,Yes,7.5,18-25
954,40,Male,Divorced,6/20/2014,12/13/2022,Yes,8.5,36-45
956,26,Male,Single,9/17/2017,,No,8.2,26-35
957,41,Male,Single,10/12/2012,,No,13.1,36-45
958,36,Male,Single,9/10/2013,12/14/2021,Yes,8.3,36-45
959,19,Male,Single,5/31/2011,7/24/2016,Yes,5.2,18-25
960,20,Male,Single,6/15/2018,1/2/2019,Yes,0.6,18-25
961,31,Female,Married,10/10/2017,,No,8.1,26-35
964,40,Male,Divorced,12/2/2010,,No,15,36-45
966,32,Female,Married,11/18/2014,,No,11,26-35
967,36,Male,Married,4/24/2016,5/19/2020,Yes,4.1,36-45
969,33,Female,Single,5/12/2011,,No,14.5,26-35
970,37,Male,Married,6/14/2012,11/28/2015,Yes,3.5,36-45
972,45,Male,Married,1/17/2016,,No,9.9,36-45
974,29,Female,Married,9/17/2019,,No,6.2,26-35
975,35,Female,Married,5/1/2012,5/15/2014,Yes,2,26-35
976,52,Male,Married,8/15/2014,7/16/2015,Yes,0.9,46-55
977,58,Male,Single,4/16/2015,11/13/2018,Yes,3.6,55+
981,53,Male,Divorced,6/30/2017,,No,8.4,46-55
982,30,Male,Divorced,4/4/2020,,No,5.6,26-35
983,38,Female,Single,8/24/2016,,No,9.3,36-45
984,35,Male,Divorced,4/18/2014,11/28/2018,Yes,4.6,26-35
985,39,Male,Single,12/14/2020,,No,4.9,36-45
986,40,Female,Single,8/14/2012,9/22/2016,Yes,4.1,36-45
987,47,Male,Divorced,7/1/2017,,No,8.4,46-55
990,36,Male,Divorced,7/31/2019,10/28/2021,Yes,2.2,36-45
991,31,Male,Single,6/25/2014,12/22/2019,Yes,5.5,26-35
992,33,Male,Single,7/15/2013,,No,12.4,26-35
994,29,Female,Single,9/11/2020,11/19/2025,Yes,7.2,26-35
995,33,Female,Single,12/28/2019,,No,5.9,26-35
996,45,Female,Divorced,12/11/2013,,No,12,36-45
997,50,Male,Divorced,4/6/2013,11/30/2022,Yes,9.7,46-55
998,33,Female,Married,9/18/2020,,No,5.2,26-35
999,41,Male,Divorced,12/2/2012,10/19/2020,Yes,7.9,36-45
1001,27,Female,Married,12/7/2019,,No,6,26-35
1002,45,Male,Married,10/12/2010,,No,15.1,36-45
1003,47,Female,Single,9/10/2016,,No,9.2,46-55
1004,30,Female,Married,1/12/2010,1/30/2013,Yes,3.1,26-35
1005,50,Male,Married,6/19/2014,,No,11.4,46-55
1006,38,Male,Married,3/28/2019,,No,6.7,36-45
1007,46,Male,Divorced,11/13/2020,,No,5,46-55
1009,24,Female,Divorced,2/7/2019,3/30/2021,Yes,2.1,18-25
1010,35,Male,Divorced,12/21/2016,12/9/2020,Yes,4,26-35
1011,31,Female,Married,1/24/2012,,No,13.8,26-35
1012,18,Male,Single,9/14/2015,,No,10.2,18-25
1013,54,Female,Married,8/6/2017,,No,8.3,46-55
1014,35,Female,Divorced,12/6/2017,,No,8,26-35
1015,30,Female,Married,3/31/2010,,No,15.7,26-35
1016,20,Female,Single,2/15/2012,11/26/2016,Yes,4.8,18-25
1017,30,Female,Single,4/6/2017,8/3/2019,Yes,2.3,26-35
1018,26,Male,Married,12/7/2020,10/7/2024,Yes,3.8,26-35
1019,22,Male,Married,4/6/2018,,No,7.6,18-25
1022,48,Male,Single,6/14/2014,,No,11.4,46-55
1024,48,Male,Single,5/28/2018,,No,7.5,46-55
1025,41,Female,Single,2/22/2011,1/3/2022,Yes,10.9,36-45
1026,39,Female,Married,4/25/2010,,No,15.6,36-45
1027,27,Female,Married,9/9/2011,,No,14.2,26-35
1028,35,Male,Divorced,11/18/2020,,No,5,26-35
1029,42,Male,Married,12/12/2018,,No,7,36-45
1030,50,Male,Married,4/5/2012,4/4/2022,Yes,10,46-55
1032,59,Female,Single,10/13/2019,,No,6.1,55+
1033,37,Female,Married,7/8/2014,6/15/2019,Yes,4.9,36-45
1034,55,Male,Married,2/25/2014,,No,11.7,46-55
1035,41,Female,Divorced,8/13/2018,,No,7.3,36-45
1036,38,Male,Single,2/17/2011,9/14/2014,Yes,3.6,36-45
1037,26,Male,Single,6/10/2019,1/31/2020,Yes,0.6,26-35
1038,52,Female,Married,7/24/2019,2/21/2022,Yes,2.6,46-55
1039,44,Female,Married,12/30/2011,,No,13.9,36-45
1040,50,Female,Married,3/3/2019,,No,6.7,46-55
1042,36,Female,Single,5/27/2018,2/23/2019,Yes,0.7,36-45
1043,39,Female,Single,9/9/2017,10/2/2023,Yes,6.1,36-45
1044,33,Female,Single,11/7/2011,1/4/2021,Yes,9.2,26-35
1045,45,Female,Married,6/28/2019,,No,6.4,36-45
1046,32,Female,Single,3/8/2015,,No,10.7,26-35
1047,34,Male,Divorced,11/9/2016,,No,9,26-35
1048,59,Male,Married,2/15/2018,5/20/2019,Yes,1.3,55+
1049,45,Male,Single,2/18/2016,,No,9.8,36-45
1050,53,Female,Married,8/18/2017,,No,8.3,46-55
1052,36,Male,Divorced,4/18/2020,3/8/2025,Yes,4.9,36-45
1053,26,Male,Married,1/27/2013,10/20/2013,Yes,0.7,26-35
1055,34,Female,Married,4/21/2014,,No,11.6,26-35
1056,28,Male,Married,9/4/2012,8/13/2022,Yes,9.9,26-35
1060,38,Male,Married,10/5/2012,9/27/2016,Yes,4,36-45
1061,50,Male,Married,11/14/2015,,No,10,46-55
1062,37,Female,Single,8/15/2014,,No,11.3,36-45
1066,40,Male,Married,6/3/2017,,No,8.5,36-45
1068,26,Female,Divorced,12/6/2018,,No,7,26-35
1069,46,Male,Divorced,6/4/2020,,No,5.5,46-55
1070,54,Female,Married,2/6/2010,12/7/2014,Yes,4.8,46-55
1071,56,Female,Married,7/18/2020,,No,5.4,55+
1073,36,Female,Single,6/3/2019,,No,6.5,36-45
1074,55,Male,Single,4/24/2020,,No,5.6,46-55
1076,43,Male,Divorced,3/29/2014,5/11/2022,Yes,8.1,36-45
1077,20,Female,Single,5/15/2016,9/29/2023,Yes,7.4,18-25
1079,21,Female,Single,3/14/2016,3/9/2024,Yes,8,18-25
1080,46,Female,Divorced,12/24/2017,,No,7.9,46-55
1081,51,Male,Married,5/22/2012,9/25/2014,Yes,2.3,46-55
1082,28,Male,Single,12/27/2014,6/7/2019,Yes,4.4,26-35
1083,26,Male,Married,7/20/2013,,No,12.4,26-35
1084,30,Male,Married,10/27/2020,,No,5.1,26-35
1085,41,Female,Married,10/11/2015,,No,10.1,36-45
1088,38,Female,Married,8/19/2011,5/27/2013,Yes,1.8,36-45
1092,40,Male,Married,3/19/2015,,No,10.7,36-45
1094,27,Male,Married,12/30/2011,4/20/2018,Yes,6.3,26-35
1096,55,Male,Married,9/27/2013,,No,12.2,46-55
1097,28,Female,Single,2/1/2011,,No,14.8,26-35
1098,44,Male,Married,11/30/2011,3/29/2013,Yes,1.3,36-45
1099,33,Male,Divorced,6/18/2018,,No,7.4,26-35
1100,35,Male,Single,2/3/2016,5/10/2023,Yes,7.3,26-35
1101,33,Female,Single,6/24/2014,4/9/2016,Yes,1.8,26-35
1102,28,Male,Divorced,1/31/2011,,No,14.8,26-35
1103,34,Male,Single,10/28/2016,,No,9.1,26-35
1105,37,Female,Divorced,1/18/2019,,No,6.8,36-45
1106,25,Male,Married,11/30/2020,8/19/2025,Yes,4.7,18-25
1107,26,Male,Divorced,3/17/2010,5/19/2018,Yes,8.2,26-35
1108,33,Male,Single,9/22/2010,4/9/2018,Yes,7.6,26-35
1109,42,Male,Married,11/7/2016,12/27/2018,Yes,2.1,36-45
1111,28,Male,Divorced,12/25/2014,2/23/2020,Yes,5.2,26-35
1113,50,Male,Single,12/19/2011,6/6/2018,Yes,6.5,46-55
1114,33,Female,Married,8/14/2017,,No,8.3,26-35
1115,34,Male,Married,6/18/2019,,No,6.4,26-35
1116,48,Male,Single,12/15/2019,,No,5.9,46-55
1117,45,Female,Married,4/30/2012,6/11/2016,Yes,4.1,36-45
1118,52,Male,Single,10/18/2019,,No,6.1,46-55
1119,38,Male,Divorced,10/22/2013,,No,12.1,36-45
1120,29,Female,Divorced,5/24/2010,,No,15.5,26-35
1121,28,Female,Divorced,6/3/2012,,No,13.5,26-35
1124,46,Male,Married,8/7/2018,,No,7.3,46-55
1125,38,Male,Single,9/6/2018,,No,7.2,36-45
1126,43,Female,Married,1/31/2011,,No,14.8,36-45
1127,39,Male,Divorced,6/24/2018,5/13/2020,Yes,1.9,36-45
1128,40,Male,Single,3/15/2018,,No,7.7,36-45
1131,21,Female,Single,1/17/2018,,No,7.9,18-25
1132,39,Male,Single,2/1/2014,,No,11.8,36-45
1133,36,Male,Single,9/26/2019,,No,6.2,36-45
1135,31,Male,Married,12/16/2019,,No,5.9,26-35
1136,28,Male,Married,10/28/2018,,No,7.1,26-35
1137,35,Male,Divorced,3/13/2013,6/12/2022,Yes,9.3,26-35
1138,49,Male,Married,3/1/2017,3/8/2018,Yes,1,46-55
1140,34,Male,Single,11/28/2012,12/1/2020,Yes,8,26-35
1143,29,Female,Divorced,11/27/2015,11/17/2024,Yes,9,26-35
1148,42,Male,Single,4/22/2020,,No,5.6,36-45
1150,29,Male,Married,12/1/2012,,No,13,26-35
1152,38,Male,Married,4/24/2013,,No,12.6,36-45
1154,28,Male,Divorced,3/2/2018,,No,7.7,26-35
1156,18,Male,Single,9/11/2016,7/17/2023,Yes,6.8,18-25
1157,33,Female,Single,1/8/2019,2/28/2023,Yes,4.1,26-35
1158,41,Male,Married,9/26/2011,,No,14.2,36-45
1160,31,Male,Married,3/2/2013,8/28/2018,Yes,5.5,26-35
1161,37,Female,Divorced,11/9/2018,,No,7,36-45
1162,27,Male,Married,5/23/2013,,No,12.5,26-35
1163,34,Female,Married,1/3/2012,11/22/2020,Yes,8.9,26-35
1164,35,Male,Single,8/23/2010,,No,15.3,26-35
1165,29,Female,Married,9/19/2020,2/19/2024,Yes,3.4,26-35
1166,40,Female,Single,5/29/2017,,No,8.5,36-45
1167,42,Male,Single,1/21/2012,7/12/2019,Yes,7.5,36-45
1171,42,Male,Single,3/20/2017,,No,8.7,36-45
1172,35,Male,Married,6/8/2018,,No,7.5,26-35
1173,24,Male,Single,8/12/2018,,No,7.3,18-25
1175,28,Female,Married,8/11/2012,7/30/2018,Yes,6,26-35
1177,26,Male,Married,12/14/2016,,No,8.9,26-35
1179,30,Male,Married,2/8/2018,3/6/2019,Yes,1.1,26-35
1180,40,Female,Married,2/7/2019,3/28/2022,Yes,3.1,36-45
1182,35,Male,Divorced,1/15/2019,,No,6.9,26-35
1184,34,Male,Single,3/23/2014,11/15/2021,Yes,7.7,26-35
1185,35,Male,Married,4/12/2013,,No,12.6,26-35
1188,43,Female,Single,8/4/2014,4/18/2020,Yes,5.7,36-45
1190,32,Female,Divorced,4/6/2013,11/6/2022,Yes,9.6,26-35
1191,56,Female,Divorced,1/27/2016,,No,9.8,55+
1192,29,Female,Married,11/17/2013,1/27/2023,Yes,9.2,26-35
1193,19,Male,Single,3/13/2018,,No,7.7,18-25
1195,45,Female,Married,10/13/2017,,No,8.1,36-45
1196,37,Female,Married,5/5/2017,1/19/2020,Yes,2.7,36-45
1198,20,Male,Single,5/2/2013,2/9/2017,Yes,3.8,18-25
1200,44,Male,Single,3/21/2014,11/1/2018,Yes,4.6,36-45
1201,53,Female,Divorced,9/8/2015,,No,10.2,46-55
1202,29,Female,Married,11/11/2018,10/3/2022,Yes,3.9,26-35
1203,22,Male,Married,12/16/2013,11/29/2014,Yes,1,18-25
1204,46,Female,Married,7/14/2016,11/15/2017,Yes,1.3,46-55
1206,44,Male,Single,3/8/2020,,No,5.7,36-45
1207,33,Male,Married,2/28/2014,,No,11.7,26-35
1210,41,Male,Divorced,10/20/2013,1/6/2016,Yes,2.2,36-45
1211,30,Male,Divorced,1/31/2015,,No,10.8,26-35
1212,40,Male,Married,9/27/2013,,No,12.2,36-45
1215,50,Female,Married,5/15/2011,,No,14.5,46-55
1216,28,Male,Married,8/8/2014,,No,11.3,26-35
1217,46,Male,Married,5/26/2011,6/18/2014,Yes,3.1,46-55
1218,35,Male,Married,4/22/2019,,No,6.6,26-35
1219,24,Female,Married,8/5/2010,4/17/2012,Yes,1.7,18-25
1220,33,Female,Married,8/17/2013,,No,12.3,26-35
1221,36,Male,Divorced,3/1/2013,2/11/2024,Yes,11,36-45
1224,30,Male,Divorced,1/2/2015,,No,10.9,26-35
1225,44,Male,Single,8/8/2018,,No,7.3,36-45
1226,20,Male,Single,2/6/2019,,No,6.8,18-25
1228,46,Male,Divorced,7/19/2019,,No,6.4,46-55
1231,42,Male,Married,12/16/2014,,No,10.9,36-45
1233,60,Male,Divorced,10/28/2016,,No,9.1,55+
1234,32,Female,Married,1/2/2018,,No,7.9,26-35
1235,32,Female,Single,4/20/2013,3/6/2015,Yes,1.9,26-35
1237,36,Female,Divorced,1/24/2016,8/7/2023,Yes,7.5,36-45
1238,33,Male,Married,4/1/2010,2/4/2021,Yes,10.9,26-35
1239,40,Female,Divorced,12/15/2011,,No,13.9,36-45
1240,25,Male,Single,2/25/2015,,No,10.7,18-25
1241,30,Male,Married,11/12/2019,2/24/2023,Yes,3.3,26-35
1242,42,Female,Married,2/8/2010,2/11/2017,Yes,7,36-45
1243,35,Female,Married,10/3/2018,,No,7.1,26-35
1244,27,Male,Married,8/24/2019,,No,6.3,26-35
1245,54,Female,Divorced,6/22/2010,10/28/2016,Yes,6.4,46-55
1246,44,Female,Married,10/15/2011,,No,14.1,36-45
1248,19,Female,Single,1/24/2012,1/21/2013,Yes,1,18-25
1249,29,Female,Divorced,5/28/2013,8/2/2015,Yes,2.2,26-35
1250,54,Male,Married,2/27/2020,,No,5.7,46-55
1251,31,Male,Married,12/17/2012,,No,12.9,26-35
1252,31,Female,Single,8/11/2014,,No,11.3,26-35
1254,59,Female,Single,11/28/2016,9/24/2024,Yes,7.8,55+
1255,43,Male,Married,4/1/2011,5/31/2016,Yes,5.2,36-45
1256,49,Male,Married,4/8/2012,9/18/2014,Yes,2.4,46-55
1257,36,Male,Married,6/13/2012,,No,13.5,36-45
1258,48,Male,Single,10/16/2013,8/10/2018,Yes,4.8,46-55
1259,27,Male,Divorced,5/13/2015,,No,10.5,26-35
1260,29,Male,Divorced,5/31/2018,,No,7.5,26-35
1263,48,Male,Single,8/31/2016,,No,9.2,46-55
1264,29,Female,Divorced,6/20/2015,,No,10.4,26-35
1265,34,Female,Married,7/23/2016,,No,9.3,26-35
1267,44,Male,Married,7/9/2010,4/19/2017,Yes,6.8,36-45
1268,33,Male,Divorced,5/20/2011,,No,14.5,26-35
1269,19,Female,Single,4/29/2013,3/19/2017,Yes,3.9,18-25
1270,23,Male,Married,3/12/2014,,No,11.7,18-25
1273,25,Male,Single,6/3/2019,3/17/2025,Yes,6.8,18-25
1275,26,Male,Single,7/13/2019,,No,6.4,26-35
1277,45,Female,Single,4/3/2012,10/4/2014,Yes,2.5,36-45
1278,55,Male,Divorced,7/17/2012,,No,13.4,46-55
1279,21,Female,Single,7/22/2012,3/24/2015,Yes,2.7,18-25
1280,46,Female,Married,2/14/2013,,No,12.8,46-55
1281,34,Female,Single,5/14/2010,,No,15.5,26-35
1282,51,Male,Divorced,10/7/2015,,No,10.1,46-55
1283,59,Male,Single,12/7/2019,2/4/2023,Yes,3.2,55+
1285,34,Female,Divorced,11/16/2011,,No,14,26-35
1286,28,Male,Single,6/12/2017,,No,8.5,26-35
1288,44,Male,Divorced,1/30/2016,,No,9.8,36-45
1289,34,Male,Married,1/27/2015,,No,10.8,26-35
1291,35,Male,Married,3/25/2012,11/4/2022,Yes,10.6,26-35
1292,42,Female,Married,3/18/2013,,No,12.7,36-45
1293,43,Female,Single,3/21/2010,,No,15.7,36-45
1294,36,Female,Single,1/12/2018,,No,7.9,36-45
1295,44,Female,Married,12/29/2018,12/18/2025,Yes,8,36-45
1296,28,Male,Married,7/22/2010,10/12/2011,Yes,1.2,26-35
1297,51,Female,Single,9/12/2017,,No,8.2,46-55
1298,30,Female,Single,6/6/2013,4/2/2015,Yes,1.8,26-35
1299,29,Female,Divorced,8/27/2014,10/14/2019,Yes,5.1,26-35
1301,28,Male,Single,6/4/2013,,No,12.5,26-35
1303,25,Female,Single,8/10/2014,,No,11.3,18-25
1304,32,Male,Married,4/5/2014,,No,11.6,26-35
1306,45,Female,Single,8/14/2019,,No,6.3,36-45
1307,39,Female,Divorced,7/6/2019,,No,6.4,36-45
1308,58,Male,Divorced,9/26/2015,,No,10.2,55+
1309,32,Male,Married,6/10/2013,1/6/2021,Yes,7.6,26-35
1310,39,Male,Single,3/31/2019,6/21/2023,Yes,4.2,36-45
1311,30,Female,Married,3/30/2014,,No,11.7,26-35
1312,36,Female,Married,3/12/2013,8/17/2020,Yes,7.4,36-45
1314,46,Female,Single,7/19/2019,,No,6.4,46-55
1315,28,Female,Married,10/25/2019,8/14/2021,Yes,1.8,26-35
1317,50,Female,Married,10/28/2013,,No,12.1,46-55
1318,40,Male,Single,12/17/2019,5/19/2025,Yes,7.4,36-45
1319,52,Male,Single,11/1/2020,1/7/2024,Yes,3.2,46-55
1321,30,Female,Married,2/13/2019,,No,6.8,26-35
1322,39,Male,Single,5/27/2017,9/18/2022,Yes,5.3,36-45
1324,31,Female,Divorced,4/16/2011,,No,14.6,26-35
1329,41,Male,Single,4/7/2018,,No,7.6,36-45
1331,31,Female,Single,11/1/2012,11/25/2013,Yes,1.1,26-35
1333,44,Male,Married,9/15/2013,4/7/2015,Yes,1.6,36-45
1334,42,Male,Married,8/15/2017,3/23/2020,Yes,2.6,36-45
1336,55,Female,Married,10/2/2017,,No,8.1,46-55
1338,56,Male,Single,8/25/2012,8/10/2015,Yes,3,55+
1340,40,Male,Divorced,12/24/2010,,No,14.9,36-45
1344,34,Male,Divorced,4/8/2018,,No,7.6,26-35
1346,40,Male,Single,7/12/2019,,No,6.4,36-45
1349,41,Female,Divorced,10/30/2011,,No,14.1,36-45
1350,35,Male,Single,1/8/2011,12/25/2013,Yes,3,26-35
1352,51,Male,Divorced,10/28/2012,2/26/2023,Yes,10.3,46-55
1355,38,Female,Divorced,2/19/2013,7/31/2018,Yes,5.4,36-45
1356,34,Female,Single,10/3/2013,11/21/2016,Yes,3.1,26-35
1358,25,Male,Married,6/16/2017,,No,8.4,18-25
1360,58,Female,Married,3/31/2010,7/13/2017,Yes,7.3,55+
1361,40,Male,Married,3/8/2020,,No,5.7,36-45
1362,36,Female,Married,7/8/2017,,No,8.4,36-45
1363,48,Male,Single,4/11/2019,,No,6.6,46-55
1364,27,Female,Married,11/24/2018,,No,7,26-35
1367,51,Female,Single,6/24/2011,,No,14.4,46-55
1368,18,Female,Single,8/11/2017,,No,8.3,18-25
1369,35,Female,Married,5/18/2012,,No,13.5,26-35
1371,27,Male,Single,2/10/2010,,No,15.8,26-35
1372,55,Male,Single,1/10/2012,8/2/2018,Yes,6.6,46-55
1373,56,Male,Married,5/3/2020,,No,5.6,55+
1374,34,Female,Divorced,5/1/2015,,No,10.6,26-35
1375,40,Female,Divorced,12/24/2016,,No,8.9,36-45
1377,34,Male,Married,3/26/2018,,No,7.7,26-35
1379,31,Female,Single,10/22/2018,2/14/2021,Yes,2.3,26-35
1380,35,Female,Married,5/9/2013,9/18/2015,Yes,2.4,26-35
1382,38,Male,Divorced,7/17/2012,,No,13.4,36-45
1383,34,Female,Single,7/30/2015,1/12/2018,Yes,2.5,26-35
1387,28,Male,Married,5/23/2020,,No,5.5,26-35
1389,31,Male,Married,11/13/2016,2/28/2021,Yes,4.3,26-35
1390,39,Male,Married,8/11/2017,,No,8.3,36-45
1391,51,Male,Married,8/31/2017,,No,8.2,46-55
1392,41,Female,Divorced,7/13/2012,12/7/2013,Yes,1.4,36-45
1394,37,Male,Married,2/4/2018,,No,7.8,36-45
1395,33,Male,Married,5/1/2014,,No,11.6,26-35
1396,32,Male,Married,11/28/2019,8/23/2024,Yes,4.7,26-35
1397,39,Male,Married,2/7/2019,,No,6.8,36-45
1399,25,Male,Married,1/25/2011,,No,14.8,18-25
1401,52,Female,Married,6/6/2014,,No,11.5,46-55
1402,43,Female,Single,1/9/2018,,No,7.9,36-45
1403,27,Female,Married,9/13/2010,,No,15.2,26-35
1405,27,Female,Single,12/10/2011,5/30/2014,Yes,2.5,26-35
1407,26,Male,Single,1/13/2015,12/1/2015,Yes,0.9,26-35
1408,42,Female,Married,4/29/2015,,No,10.6,36-45
1409,52,Female,Married,11/2/2016,,No,9.1,46-55
1411,37,Female,Single,1/10/2010,,No,15.9,36-45
1412,35,Male,Single,11/11/2017,,No,8,26-35
1415,25,Male,Married,3/8/2012,12/29/2013,Yes,1.8,18-25
1417,26,Male,Single,1/27/2019,,No,6.8,26-35
1419,29,Male,Single,2/5/2019,,No,6.8,26-35
1420,49,Male,Single,5/26/2012,2/23/2018,Yes,5.8,46-55
1421,29,Female,Single,10/25/2012,11/17/2016,Yes,4.1,26-35
1422,54,Female,Single,9/26/2018,,No,7.2,46-55
1423,58,Female,Married,10/12/2012,9/22/2017,Yes,4.9,55+
1424,55,Male,Divorced,12/30/2014,,No,10.9,46-55
1425,36,Female,Single,1/9/2011,,No,14.9,36-45
1427,31,Female,Single,8/3/2018,1/13/2025,Yes,7.5,26-35
1428,30,Female,Divorced,1/3/2016,,No,9.9,26-35
1430,31,Female,Single,8/12/2010,,No,15.3,26-35
1431,34,Male,Divorced,6/16/2013,,No,12.4,26-35
1433,31,Female,Single,2/3/2016,3/1/2019,Yes,3.1,26-35
1434,27,Male,Married,12/8/2014,,No,11,26-35
1435,36,Male,Single,5/2/2012,1/12/2017,Yes,4.7,36-45
1436,36,Female,Married,3/8/2019,,No,6.7,36-45
1438,47,Male,Married,3/4/2010,3/31/2018,Yes,8.1,46-55
1439,25,Male,Married,5/25/2013,10/20/2014,Yes,1.4,18-25
1440,37,Male,Single,9/30/2020,,No,5.1,36-45
1441,56,Female,Married,11/14/2017,3/24/2023,Yes,5.4,55+
1443,47,Female,Married,10/13/2017,,No,8.1,46-55
1445,24,Female,Married,11/20/2011,12/2/2019,Yes,8,18-25
1446,32,Male,Married,1/24/2014,,No,11.8,26-35
1447,34,Female,Married,12/14/2020,,No,4.9,26-35
1448,41,Male,Married,6/22/2014,,No,11.4,36-45
1449,40,Male,Divorced,11/23/2015,,No,10,36-45
1453,31,Male,Divorced,9/6/2018,,No,7.2,26-35
1457,46,Male,Divorced,5/26/2011,10/16/2015,Yes,4.4,46-55
1458,39,Female,Single,1/20/2011,10/6/2014,Yes,3.7,36-45
1459,31,Female,Single,2/9/2011,7/6/2014,Yes,3.4,26-35
1460,45,Male,Divorced,11/10/2017,,No,8,36-45
1461,31,Female,Single,6/2/2011,1/25/2021,Yes,9.7,26-35
1464,31,Male,Married,4/21/2011,11/8/2016,Yes,5.6,26-35
1465,45,Male,Married,6/24/2015,,No,10.4,36-45
1466,48,Male,Divorced,7/19/2017,10/1/2020,Yes,3.2,46-55
1467,34,Female,Married,10/9/2020,1/13/2025,Yes,7.3,26-35
1468,40,Male,Divorced,7/27/2014,7/29/2023,Yes,9,36-45
1469,28,Male,Single,3/9/2015,12/18/2018,Yes,3.8,26-35
1471,44,Male,Single,9/19/2017,11/21/2024,Yes,7.2,36-45
1472,53,Male,Single,12/31/2013,,No,11.9,46-55
1473,49,Male,Married,6/22/2018,,No,7.4,46-55
1474,40,Male,Divorced,5/3/2018,,No,7.6,36-45
1475,44,Male,Single,12/16/2019,9/11/2021,Yes,1.7,36-45
1477,33,Male,Married,6/17/2017,,No,8.4,26-35
1478,34,Male,Single,12/15/2011,,No,13.9,26-35
1479,30,Male,Married,8/31/2019,,No,6.2,26-35
1480,42,Female,Single,3/24/2010,,No,15.7,36-45
1481,44,Female,Married,3/14/2013,,No,12.7,36-45
1482,30,Male,Divorced,8/23/2018,8/17/2019,Yes,1,26-35
1483,57,Male,Married,8/16/2018,,No,7.3,55+
1484,49,Male,Divorced,11/9/2016,10/15/2018,Yes,1.9,46-55
1485,34,Male,Divorced,3/17/2015,,No,10.7,26-35
1486,28,Male,Married,8/11/2015,3/2/2019,Yes,3.6,26-35
1487,29,Female,Single,2/20/2010,3/2/2012,Yes,2,26-35
1489,34,Female,Single,11/16/2011,1/31/2016,Yes,4.2,26-35
1492,35,Male,Married,12/18/2011,,No,13.9,26-35
1494,24,Male,Single,7/10/2020,6/12/2023,Yes,2.9,18-25
1495,24,Female,Married,1/9/2014,,No,11.9,18-25
1496,44,Male,Single,3/25/2011,,No,14.7,36-45
1497,29,Male,Divorced,5/30/2012,9/24/2013,Yes,1.3,26-35
1499,30,Male,Divorced,5/3/2011,,No,14.6,26-35
1501,55,Male,Married,12/29/2014,2/1/2018,Yes,3.1,46-55
1502,33,Female,Married,9/13/2015,3/19/2024,Yes,8.5,26-35
1503,47,Female,Married,5/13/2019,,No,6.5,46-55
1504,28,Male,Single,11/13/2015,1/17/2020,Yes,4.2,26-35
1506,28,Male,Divorced,8/10/2018,,No,7.3,26-35
1507,28,Male,Single,4/24/2014,,No,11.6,26-35
1509,49,Female,Married,1/11/2016,,No,9.9,46-55
1513,29,Female,Married,9/7/2010,,No,15.2,26-35
1514,28,Male,Married,11/5/2011,,No,14.1,26-35
1515,33,Male,Single,3/14/2011,,No,14.7,26-35
1516,32,Male,Single,12/6/2015,6/30/2021,Yes,5.6,26-35
1520,54,Female,Divorced,2/10/2012,,No,13.8,46-55
1522,29,Male,Single,11/6/2020,5/5/2025,Yes,6.5,26-35
1523,44,Male,Married,4/1/2019,,No,6.6,36-45
1525,39,Female,Single,9/25/2010,,No,15.2,36-45
1527,46,Female,Married,6/8/2015,8/15/2017,Yes,2.2,46-55
1529,35,Female,Single,12/13/2012,7/7/2019,Yes,6.6,26-35
1533,23,Male,Single,8/24/2010,12/18/2015,Yes,5.3,18-25
1534,40,Male,Single,1/24/2011,10/9/2016,Yes,5.7,36-45
1535,34,Male,Married,4/26/2018,,No,7.6,26-35
1537,31,Female,Single,6/2/2020,7/9/2025,Yes,6.1,26-35
1539,50,Male,Single,2/2/2012,,No,13.8,46-55
1541,34,Male,Married,1/23/2015,,No,10.8,26-35
1542,42,Male,Married,9/14/2016,,No,9.2,36-45
1543,37,Male,Married,9/16/2011,1/9/2014,Yes,2.3,36-45
1544,29,Female,Married,9/15/2017,,No,8.2,26-35
1545,33,Male,Single,3/29/2019,,No,6.7,26-35
1546,45,Male,Married,2/14/2018,,No,7.8,36-45
1547,42,Male,Married,12/23/2018,,No,6.9,36-45
1548,40,Male,Married,6/6/2013,,No,12.5,36-45
1549,33,Male,Married,12/10/2017,,No,8,26-35
1550,40,Male,Single,11/25/2020,,No,5,36-45
1551,24,Male,Divorced,8/1/2011,,No,14.3,18-25
1552,40,Male,Divorced,10/24/2015,,No,10.1,36-45
1553,45,Male,Divorced,3/11/2011,,No,14.7,36-45
1554,35,Female,Married,11/21/2015,,No,10,26-35
1555,32,Female,Married,7/26/2019,,No,6.3,26-35
1556,36,Male,Single,5/3/2020,,No,5.6,36-45
1557,48,Female,Divorced,2/3/2012,12/24/2017,Yes,5.9,46-55
1558,29,Male,Married,8/17/2017,,No,8.3,26-35
1560,33,Male,Married,10/24/2017,,No,8.1,26-35
1562,30,Male,Married,8/22/2013,10/22/2018,Yes,5.2,26-35
1563,38,Male,Married,11/16/2015,,No,10,36-45
1564,35,Male,Single,9/26/2020,,No,5.2,26-35
1568,30,Male,Married,10/16/2017,,No,8.1,26-35
1569,35,Female,Divorced,9/20/2013,1/2/2018,Yes,4.3,26-35
1572,53,Female,Married,12/16/2017,11/28/2021,Yes,4,46-55
1573,38,Male,Married,10/18/2016,10/25/2019,Yes,3,36-45
1574,32,Male,Married,3/23/2011,1/20/2021,Yes,9.8,26-35
1576,48,Female,Married,7/11/2015,,No,10.4,46-55
1577,34,Male,Single,8/24/2013,,No,12.3,26-35
1578,55,Male,Married,9/6/2010,1/6/2017,Yes,6.3,46-55
1580,34,Male,Married,6/15/2010,,No,15.4,26-35
1581,26,Female,Married,9/23/2019,,No,6.2,26-35
1582,38,Male,Married,4/20/2018,2/24/2024,Yes,5.9,36-45
1583,38,Female,Single,9/20/2013,,No,12.2,36-45
1585,36,Female,Single,10/16/2012,11/26/2019,Yes,7.1,36-45
1586,29,Male,Single,6/26/2011,,No,14.4,26-35
1587,35,Female,Single,1/29/2012,10/14/2014,Yes,2.7,26-35
1588,39,Male,Married,9/13/2018,,No,7.2,36-45
1590,29,Male,Divorced,12/14/2019,,No,5.9,26-35
1591,50,Male,Married,10/30/2015,6/27/2018,Yes,2.7,46-55
1592,23,Male,Married,12/21/2015,,No,9.9,18-25
1594,36,Male,Married,3/7/2012,,No,13.7,36-45
1595,42,Male,Single,1/26/2018,,No,7.8,36-45
1596,35,Male,Married,5/18/2010,,No,15.5,26-35
1597,34,Male,Married,2/10/2016,11/19/2023,Yes,7.8,26-35
1598,40,Female,Married,7/5/2019,,No,6.4,36-45
1599,43,Male,Divorced,9/15/2013,,No,12.2,36-45
1601,35,Male,Married,10/3/2017,,No,8.1,26-35
1602,46,Male,Single,10/20/2019,,No,6.1,46-55
1604,28,Male,Married,2/19/2015,6/25/2020,Yes,5.4,26-35
1605,22,Female,Married,4/20/2018,,No,7.6,18-25
1606,50,Male,Married,3/10/2010,,No,15.7,46-55
1607,32,Female,Married,2/6/2017,,No,8.8,26-35
1608,44,Female,Divorced,7/12/2020,,No,5.4,36-45
1609,30,Male,Married,10/2/2015,9/25/2017,Yes,2,26-35
1611,45,Female,Single,1/13/2014,7/29/2016,Yes,2.5,36-45
1612,45,Male,Married,7/24/2010,4/30/2018,Yes,7.8,36-45
1613,31,Male,Single,12/14/2015,5/29/2018,Yes,2.5,26-35
1614,36,Female,Married,6/15/2020,,No,5.4,36-45
1615,34,Male,Divorced,2/12/2010,,No,15.8,26-35
1617,49,Female,Married,6/20/2020,,No,5.4,46-55
1618,39,Male,Married,3/22/2015,,No,10.7,36-45
1619,27,Male,Divorced,11/29/2015,,No,10,26-35
1621,35,Male,Married,1/31/2012,,No,13.8,26-35
1622,28,Female,Divorced,3/23/2020,,No,5.7,26-35
1623,21,Male,Single,11/29/2018,,No,7,18-25
1624,18,Female,Single,12/5/2017,8/18/2022,Yes,4.7,18-25
1625,47,Female,Married,11/13/2015,,No,10,46-55
1627,39,Male,Divorced,6/18/2015,,No,10.4,36-45
1628,40,Female,Married,6/8/2019,6/18/2024,Yes,5,36-45
1630,35,Female,Married,4/20/2015,,No,10.6,26-35
1631,37,Male,Married,11/1/2019,,No,6.1,36-45
1633,39,Female,Single,6/18/2012,,No,13.4,36-45
1635,45,Female,Divorced,12/26/2010,,No,14.9,36-45
1638,38,Female,Married,1/26/2018,,No,7.8,36-45
1639,35,Male,Married,9/16/2014,11/11/2016,Yes,2.2,26-35
1640,37,Female,Married,10/8/2010,3/13/2015,Yes,4.4,36-45
1641,40,Female,Single,12/11/2018,,No,7,36-45
1642,44,Male,Married,3/3/2015,,No,10.7,36-45
1644,48,Male,Married,12/11/2018,11/3/2024,Yes,5.9,46-55
1645,35,Male,Divorced,10/29/2011,7/7/2019,Yes,7.7,26-35
1646,24,Female,Single,4/3/2010,10/1/2017,Yes,7.5,18-25
1647,27,Female,Married,11/3/2011,,No,14.1,26-35
1648,27,Male,Single,5/24/2015,,No,10.5,26-35
1649,40,Male,Single,3/2/2010,9/13/2013,Yes,3.5,36-45
1650,29,Male,Single,5/5/2017,,No,8.6,26-35
1651,36,Female,Married,7/20/2018,,No,7.3,36-45
1653,25,Male,Divorced,7/7/2019,,No,6.4,18-25
1654,39,Male,Married,7/27/2020,,No,5.3,36-45
1655,49,Female,Married,10/25/2012,10/11/2015,Yes,3,46-55
1656,50,Female,Divorced,1/29/2014,3/31/2023,Yes,9.2,46-55
1657,20,Female,Single,8/27/2011,,No,14.2,18-25
1658,34,Female,Divorced,11/13/2011,,No,14,26-35
1659,36,Male,Single,9/5/2020,,No,5.2,36-45
1661,49,Female,Married,1/25/2017,,No,8.8,46-55
1662,36,Female,Married,11/29/2013,3/8/2020,Yes,6.3,36-45
1664,36,Male,Divorced,11/25/2017,1/15/2023,Yes,5.1,36-45
1665,54,Female,Married,10/25/2019,,No,6.1,46-55
1666,43,Male,Married,5/16/2017,,No,8.5,36-45
1667,35,Male,Single,3/30/2016,10/4/2021,Yes,5.5,26-35
1668,38,Male,Married,6/8/2011,,No,14.5,36-45
1669,29,Male,Divorced,7/21/2016,12/2/2024,Yes,8.4,26-35
1670,33,Male,Divorced,7/15/2018,,No,7.4,26-35
1671,32,Male,Divorced,2/6/2017,,No,8.8,26-35
1673,31,Female,Married,5/23/2015,3/17/2023,Yes,7.8,26-35
1674,49,Female,Divorced,1/6/2013,,No,12.9,46-55
1675,38,Female,Single,10/20/2014,,No,11.1,36-45
1676,47,Female,Divorced,1/11/2015,,No,10.9,46-55
1677,49,Male,Single,12/8/2020,,No,5,46-55
1678,41,Male,Single,8/11/2018,10/25/2024,Yes,6.2,36-45
1680,20,Male,Single,10/12/2017,,No,8.1,18-25
1681,33,Female,Divorced,4/15/2016,,No,9.6,26-35
1682,36,Male,Married,9/26/2015,,No,10.2,36-45
1683,44,Female,Divorced,2/18/2013,,No,12.8,36-45
1684,23,Male,Single,3/11/2016,5/27/2023,Yes,7.2,18-25
1687,38,Female,Married,4/5/2016,9/30/2023,Yes,7.5,36-45
1689,53,Male,Married,12/15/2012,7/20/2014,Yes,1.6,46-55
1691,48,Female,Married,7/25/2016,8/17/2021,Yes,5.1,46-55
1692,32,Male,Single,4/17/2010,1/14/2016,Yes,5.7,26-35
1693,26,Male,Single,11/18/2017,,No,8,26-35
1694,55,Male,Divorced,2/17/2010,9/18/2019,Yes,9.6,46-55
1696,34,Male,Married,12/24/2019,,No,5.9,26-35
1697,60,Male,Divorced,12/3/2010,,No,15,55+
1698,33,Male,Married,11/15/2012,,No,13,26-35
1700,37,Male,Divorced,10/22/2017,12/11/2024,Yes,7.1,36-45
1701,34,Female,Married,7/4/2013,,No,12.4,26-35
1702,23,Male,Divorced,8/18/2015,10/13/2022,Yes,7.2,18-25
1703,44,Female,Married,9/17/2011,8/17/2019,Yes,7.9,36-45
1704,35,Male,Single,3/6/2015,4/13/2021,Yes,6.1,26-35
1706,43,Male,Married,6/30/2013,,No,12.4,36-45
1707,24,Male,Married,9/12/2014,,No,11.2,18-25
1708,41,Male,Single,7/29/2017,,No,8.3,36-45
1709,29,Female,Married,10/30/2010,,No,15.1,26-35
1710,36,Female,Single,10/1/2011,,No,14.2,36-45
1712,45,Male,Married,2/25/2010,,No,15.8,36-45
1714,24,Male,Married,12/27/2011,1/18/2016,Yes,4.1,18-25
1716,47,Male,Married,6/10/2011,7/7/2014,Yes,3.1,46-55
1718,26,Male,Married,4/19/2011,,No,14.6,26-35
1719,45,Female,Single,1/28/2010,,No,15.8,36-45
1720,32,Male,Married,10/27/2015,11/29/2020,Yes,5.1,26-35
1721,31,Male,Married,1/1/2019,,No,6.9,26-35
1722,41,Male,Married,6/20/2019,,No,6.4,36-45
1724,40,Female,Married,12/31/2010,,No,14.9,36-45
1725,24,Male,Divorced,6/6/2017,,No,8.5,18-25
1727,46,Male,Single,6/10/2011,,No,14.5,46-55
1728,35,Male,Married,7/9/2017,1/24/2019,Yes,1.5,26-35
1729,30,Male,Married,8/28/2013,,No,12.2,26-35
1731,47,Male,Married,6/1/2012,,No,13.5,46-55
1732,46,Male,Divorced,10/27/2012,,No,13.1,46-55
1733,36,Male,Divorced,10/23/2012,3/29/2017,Yes,4.4,36-45
1734,32,Male,Single,7/5/2014,2/2/2019,Yes,4.6,26-35
1735,23,Female,Single,7/7/2012,,No,13.4,18-25
1736,31,Female,Single,8/29/2017,,No,8.2,26-35
1737,39,Male,Married,8/7/2016,11/3/2020,Yes,4.2,36-45
1739,32,Male,Married,11/10/2014,,No,11,26-35
1740,40,Male,Single,3/12/2014,,No,11.7,36-45
1744,45,Female,Married,2/28/2019,,No,6.7,36-45
1745,30,Female,Single,10/18/2019,,No,6.1,26-35
1746,24,Male,Married,10/24/2017,,No,8.1,18-25
1747,30,Female,Divorced,8/18/2017,9/11/2018,Yes,1.1,26-35
1749,31,Male,Married,3/22/2015,,No,10.7,26-35
1751,27,Female,Single,6/14/2018,,No,7.4,26-35
1752,29,Female,Single,4/30/2013,12/22/2020,Yes,7.7,26-35
1753,29,Male,Single,7/13/2014,12/6/2017,Yes,3.4,26-35
1754,30,Male,Divorced,4/30/2011,2/26/2015,Yes,3.8,26-35
1755,34,Male,Married,9/7/2015,,No,10.2,26-35
1756,33,Female,Single,12/15/2011,,No,13.9,26-35
1757,49,Female,Single,11/28/2012,8/17/2021,Yes,8.7,46-55
1758,33,Female,Single,5/31/2015,4/6/2023,Yes,7.9,26-35
1760,38,Female,Married,7/20/2013,,No,12.4,36-45
1761,31,Male,Married,6/8/2013,7/12/2016,Yes,3.1,26-35
1762,29,Female,Divorced,11/4/2015,9/17/2024,Yes,8.9,26-35
1763,30,Male,Married,9/16/2019,,No,6.2,26-35
1764,32,Male,Single,5/6/2010,9/22/2013,Yes,3.4,26-35
1766,38,Male,Married,10/30/2017,7/31/2021,Yes,3.8,36-45
1767,43,Male,Married,6/21/2011,5/18/2017,Yes,5.9,36-45
1768,42,Male,Divorced,1/2/2016,6/7/2021,Yes,5.4,36-45
1770,55,Male,Married,11/6/2019,4/26/2023,Yes,3.5,46-55
1771,33,Male,Divorced,12/28/2018,7/24/2021,Yes,2.6,26-35
1772,41,Male,Divorced,9/4/2015,,No,10.2,36-45
1774,34,Male,Divorced,5/23/2014,,No,11.5,26-35
1775,53,Female,Married,6/28/2019,,No,6.4,46-55
1778,43,Male,Single,3/8/2010,12/8/2019,Yes,9.8,36-45
1779,34,Female,Single,8/21/2010,2/12/2015,Yes,4.5,26-35
1780,21,Male,Single,11/27/2015,1/18/2019,Yes,3.1,18-25
1782,38,Female,Married,3/15/2013,,No,12.7,36-45
1783,22,Female,Married,11/29/2015,12/26/2021,Yes,6.1,18-25
1784,31,Female,Married,3/25/2016,,No,9.7,26-35
1786,51,Female,Married,4/21/2010,,No,15.6,46-55
1787,37,Male,Married,2/2/2014,,No,11.8,36-45
1789,46,Male,Divorced,9/13/2015,,No,10.2,46-55
1790,36,Male,Married,9/15/2011,4/17/2014,Yes,2.6,36-45
1792,44,Male,Divorced,7/14/2020,4/15/2025,Yes,6.8,36-45
1794,37,Male,Divorced,12/21/2020,,No,4.9,36-45
1797,35,Male,Single,6/3/2019,9/27/2023,Yes,4.3,26-35
1798,33,Male,Married,8/27/2017,,No,8.2,26-35
1799,28,Male,Married,3/27/2017,,No,8.7,26-35
1800,39,Male,Single,12/5/2019,,No,6,36-45
1801,46,Male,Single,10/8/2016,,No,9.1,46-55
1802,40,Female,Married,4/14/2017,5/23/2022,Yes,5.1,36-45
1803,42,Male,Married,3/22/2014,,No,11.7,36-45
1804,35,Male,Divorced,7/2/2017,,No,8.4,26-35
1805,38,Male,Divorced,7/29/2013,7/22/2015,Yes,2,36-45
1807,34,Male,Married,4/15/2019,7/27/2020,Yes,1.3,26-35
1809,37,Male,Single,10/28/2014,10/16/2015,Yes,1,36-45
1812,39,Male,Divorced,8/16/2019,,No,6.3,36-45
1813,43,Male,Single,5/30/2015,6/15/2016,Yes,1,36-45
1814,41,Male,Single,6/20/2016,,No,9.4,36-45
1815,41,Female,Divorced,5/26/2012,,No,13.5,36-45
1816,30,Female,Single,6/13/2015,,No,10.5,26-35
1818,26,Female,Married,6/9/2020,5/15/2025,Yes,6.9,26-35
1821,46,Female,Married,6/11/2019,9/2/2022,Yes,3.2,46-55
1822,40,Female,Divorced,8/5/2013,,No,12.3,36-45
1823,34,Male,Married,12/31/2013,,No,11.9,26-35
1824,58,Male,Divorced,6/2/2017,,No,8.5,55+
1826,35,Male,Married,5/13/2016,,No,9.5,26-35
1827,47,Female,Divorced,9/30/2014,,No,11.2,46-55
1829,40,Female,Divorced,5/25/2014,,No,11.5,36-45
1830,54,Female,Married,3/7/2014,,No,11.7,46-55
1833,31,Female,Married,4/25/2017,2/18/2022,Yes,4.8,26-35
1834,28,Female,Married,1/7/2017,,No,8.9,26-35
1835,38,Female,Married,5/15/2019,12/20/2020,Yes,1.6,36-45
1836,26,Male,Single,11/30/2017,,No,8,26-35
1837,58,Male,Married,8/19/2019,,No,6.3,55+
1839,18,Female,Single,9/6/2020,11/10/2024,Yes,4.2,18-25
1842,31,Male,Married,7/25/2016,5/11/2019,Yes,2.8,26-35
1844,29,Male,Divorced,6/19/2014,11/2/2019,Yes,5.4,26-35
1845,45,Female,Married,3/24/2020,,No,5.7,36-45
1847,36,Female,Married,11/10/2017,,No,8,36-45
1849,43,Male,Married,3/6/2013,3/8/2014,Yes,1,36-45
1850,27,Female,Single,1/29/2012,,No,13.8,26-35
1852,29,Male,Married,1/25/2018,,No,7.8,26-35
1853,32,Male,Single,8/31/2010,12/4/2015,Yes,5.3,26-35
1854,42,Male,Married,2/3/2017,,No,8.8,36-45
1856,47,Female,Single,11/29/2012,8/20/2015,Yes,2.7,46-55
1857,46,Male,Divorced,8/17/2010,,No,15.3,46-55
1858,28,Male,Divorced,2/8/2017,,No,8.8,26-35
1859,29,Male,Divorced,7/8/2012,9/5/2019,Yes,7.2,26-35
1860,42,Male,Single,5/31/2013,,No,12.5,36-45
1862,32,Male,Single,1/6/2010,11/30/2011,Yes,1.9,26-35
1863,46,Female,Divorced,4/17/2019,,No,6.6,46-55
1864,27,Female,Married,4/13/2011,,No,14.6,26-35
1865,29,Male,Married,10/22/2014,3/9/2019,Yes,4.4,26-35
1866,43,Female,Married,3/16/2010,5/28/2019,Yes,9.2,36-45
1867,48,Male,Married,1/4/2010,6/16/2020,Yes,10.5,46-55
1868,29,Male,Single,2/14/2015,12/12/2020,Yes,5.8,26-35
1869,46,Female,Married,10/8/2011,1/2/2016,Yes,4.2,46-55
1870,27,Female,Married,4/28/2010,,No,15.6,26-35
1871,39,Male,Divorced,1/7/2018,,No,7.9,36-45
1873,55,Male,Married,6/18/2014,,No,11.4,46-55
1875,28,Female,Married,12/26/2016,,No,8.9,26-35
1876,30,Male,Single,7/15/2015,1/17/2020,Yes,4.5,26-35
1878,22,Male,Single,8/4/2012,8/27/2019,Yes,7.1,18-25
1880,36,Female,Married,3/6/2017,,No,8.7,36-45
1881,31,Male,Divorced,1/4/2014,,No,11.9,26-35
1882,34,Male,Married,7/13/2010,2/25/2013,Yes,2.6,26-35
1883,29,Male,Single,4/26/2012,,No,13.6,26-35
1885,37,Male,Married,7/25/2017,,No,8.3,36-45
1886,35,Female,Married,11/16/2013,,No,12,26-35
1888,45,Female,Married,6/25/2018,,No,7.4,36-45
1890,36,Male,Single,12/29/2013,,No,11.9,36-45
1892,40,Male,Divorced,1/30/2016,,No,9.8,36-45
1893,26,Female,Married,3/26/2019,2/6/2024,Yes,4.9,26-35
1898,27,Female,Single,7/27/2014,7/2/2017,Yes,2.9,26-35
1900,48,Female,Divorced,7/1/2016,11/26/2018,Yes,2.4,46-55
1903,44,Male,Married,12/4/2013,,No,12,36-45
1905,34,Male,Married,2/15/2013,3/15/2014,Yes,1.1,26-35
1907,56,Male,Single,11/23/2017,12/9/2023,Yes,6,55+
1908,36,Male,Married,12/16/2014,,No,10.9,36-45
1909,41,Female,Married,12/25/2011,,No,13.9,36-45
1911,42,Male,Married,8/13/2010,,No,15.3,36-45
1912,31,Female,Divorced,6/16/2011,,No,14.4,26-35
1915,34,Female,Married,4/23/2010,6/6/2016,Yes,6.1,26-35
1916,31,Female,Divorced,12/28/2015,7/11/2017,Yes,1.5,26-35
1918,26,Male,Married,7/13/2011,6/6/2016,Yes,4.9,26-35
1922,45,Male,Single,8/11/2015,,No,10.3,36-45
1924,33,Male,Single,11/8/2015,,No,10,26-35
1927,28,Male,Married,10/16/2011,,No,14.1,26-35
1928,29,Male,Single,11/16/2010,10/17/2013,Yes,2.9,26-35
1929,39,Female,Married,4/23/2014,9/23/2018,Yes,4.4,36-45
1931,27,Male,Married,1/3/2015,,No,10.9,26-35
1932,34,Male,Married,4/2/2015,,No,10.6,26-35
1933,28,Female,Single,5/19/2010,8/13/2015,Yes,5.2,26-35
1934,47,Male,Married,10/23/2019,,No,6.1,46-55
1935,56,Female,Married,10/14/2020,,No,5.1,55+
1936,39,Male,Married,12/2/2017,11/30/2021,Yes,4,36-45
1937,38,Female,Divorced,7/20/2015,10/23/2018,Yes,3.3,36-45
1938,58,Female,Married,4/25/2016,2/23/2022,Yes,5.8,55+
1939,32,Female,Single,4/2/2020,9/24/2021,Yes,1.5,26-35
1940,38,Male,Divorced,6/20/2012,,No,13.4,36-45
1941,49,Male,Married,11/21/2011,1/3/2020,Yes,8.1,46-55
1943,42,Male,Divorced,8/2/2015,1/21/2023,Yes,7.5,36-45
1944,27,Female,Married,1/10/2010,10/25/2016,Yes,6.8,26-35
1945,35,Male,Married,9/18/2010,11/3/2015,Yes,5.1,26-35
1947,28,Male,Single,4/27/2015,,No,10.6,26-35
1948,31,Male,Divorced,8/1/2014,4/2/2023,Yes,8.7,26-35
1949,36,Male,Married,1/29/2016,,No,9.8,36-45
1950,34,Male,Single,1/24/2018,,No,7.8,26-35
1951,34,Male,Divorced,8/23/2015,3/11/2021,Yes,5.6,26-35
1952,26,Male,Single,4/6/2013,,No,12.6,26-35
1954,29,Male,Married,3/2/2020,,No,5.7,26-35
1955,32,Female,Divorced,6/8/2014,,No,11.5,26-35
1956,31,Male,Married,11/17/2010,7/26/2020,Yes,9.7,26-35
1960,28,Male,Divorced,9/4/2013,4/10/2014,Yes,0.6,26-35
1961,38,Male,Single,6/25/2014,,No,11.4,36-45
1962,35,Female,Married,7/4/2016,,No,9.4,26-35
1965,27,Male,Single,10/3/2017,,No,8.1,26-35
1966,32,Male,Single,9/25/2017,,No,8.2,26-35
1967,31,Male,Married,6/18/2015,5/9/2021,Yes,5.9,26-35
1968,53,Male,Single,2/6/2018,11/25/2025,Yes,7.8,46-55
1969,54,Female,Married,4/28/2015,,No,10.6,46-55
1970,33,Male,Divorced,12/1/2019,,No,6,26-35
1971,43,Male,Married,8/1/2015,10/2/2018,Yes,3.2,36-45
1972,38,Male,Married,7/23/2019,,No,6.3,36-45
1973,55,Male,Married,1/26/2020,,No,5.8,46-55
1974,31,Female,Divorced,1/23/2013,1/7/2019,Yes,6,26-35
1975,39,Male,Single,8/24/2020,,No,5.2,36-45
1976,42,Male,Single,5/24/2014,12/3/2017,Yes,3.5,36-45
1979,31,Female,Married,6/23/2016,,No,9.4,26-35
1980,54,Female,Single,8/24/2010,,No,15.3,46-55
1981,24,Male,Single,5/24/2015,1/26/2021,Yes,5.7,18-25
1982,23,Male,Single,11/30/2010,,No,15,18-25
1985,40,Female,Married,3/24/2015,,No,10.7,36-45
1986,40,Female,Married,1/11/2011,4/17/2021,Yes,10.3,36-45
1987,25,Female,Married,9/1/2019,,No,6.2,18-25
1989,30,Male,Married,3/6/2013,,No,12.7,26-35
1992,25,Male,Divorced,12/15/2020,,No,4.9,18-25
1993,47,Male,Single,3/20/2017,,No,8.7,46-55
1994,33,Male,Divorced,4/20/2014,3/25/2020,Yes,5.9,26-35
1995,38,Male,Married,1/4/2017,,No,8.9,36-45
1996,31,Male,Married,8/12/2013,,No,12.3,26-35
1997,38,Male,Married,4/15/2019,,No,6.6,36-45
1998,42,Male,Divorced,2/13/2018,,No,7.8,36-45
1999,41,Male,Married,12/23/2019,,No,5.9,36-45
2000,47,Female,Married,1/30/2015,,No,10.8,46-55
2003,35,Male,Married,10/4/2013,5/24/2024,Yes,10.6,26-35
2007,22,Male,Single,9/16/2020,,No,5.2,18-25
2008,35,Male,Single,7/17/2020,,No,5.4,26-35
2009,33,Female,Married,5/22/2012,,No,13.5,26-35
2010,32,Female,Single,6/6/2013,,No,12.5,26-35
2012,40,Male,Married,5/6/2016,,No,9.6,36-45
2013,32,Male,Married,1/26/2015,,No,10.8,26-35
2014,39,Male,Single,10/16/2017,,No,8.1,36-45
2015,38,Female,Married,8/7/2013,11/22/2019,Yes,6.3,36-45
2016,32,Female,Married,12/26/2011,3/10/2016,Yes,4.2,26-35
2017,37,Female,Married,11/11/2018,,No,7,36-45
2018,25,Female,Divorced,8/15/2015,7/26/2024,Yes,9,18-25
2019,52,Male,Divorced,12/8/2017,,No,8,46-55
2020,44,Male,Single,6/13/2019,,No,6.4,36-45
2021,21,Male,Single,3/19/2010,,No,15.7,18-25
2022,39,Male,Single,7/14/2019,,No,6.4,36-45
2023,23,Male,Married,3/6/2017,4/30/2022,Yes,5.2,18-25
2024,36,Female,Married,5/12/2010,,No,15.5,36-45
2025,36,Female,Divorced,8/24/2011,4/9/2018,Yes,6.6,36-45
2026,56,Male,Divorced,11/8/2014,7/23/2018,Yes,3.7,55+
2027,29,Male,Married,12/1/2012,8/21/2018,Yes,5.7,26-35
2031,42,Male,Married,11/7/2015,10/23/2022,Yes,7,36-45
2032,56,Male,Married,9/15/2016,6/25/2020,Yes,3.8,55+
2034,41,Female,Married,6/1/2016,,No,9.5,36-45
2035,34,Female,Married,2/7/2015,,No,10.8,26-35
2036,36,Male,Divorced,8/11/2013,1/17/2023,Yes,9.4,36-45
2037,41,Male,Divorced,9/8/2011,,No,14.2,36-45
2038,32,Male,Single,11/7/2019,10/18/2023,Yes,3.9,26-35
2040,35,Female,Single,10/18/2017,,No,8.1,26-35
2041,38,Female,Married,4/20/2020,,No,5.6,36-45
2044,50,Male,Divorced,2/26/2020,7/23/2022,Yes,2.4,46-55
2045,36,Female,Married,10/5/2016,,No,9.1,36-45
2046,45,Female,Single,3/4/2015,1/4/2016,Yes,0.8,36-45
2048,40,Male,Single,11/12/2012,1/16/2018,Yes,5.2,36-45
2049,35,Male,Married,7/29/2011,,No,14.3,26-35
2051,40,Female,Married,12/31/2015,,No,9.9,36-45
2052,35,Female,Married,9/19/2012,7/2/2022,Yes,9.8,26-35
2053,29,Male,Married,6/5/2017,,No,8.5,26-35
2054,29,Female,Single,1/2/2016,,No,9.9,26-35
2055,50,Male,Divorced,6/2/2013,12/8/2017,Yes,4.5,46-55
2056,39,Female,Married,5/13/2018,,No,7.5,36-45
2057,31,Male,Single,5/18/2011,,No,14.5,26-35
2060,26,Female,Single,6/21/2015,4/19/2021,Yes,5.8,26-35
2061,36,Male,Married,3/31/2012,,No,13.7,36-45
2062,39,Male,Married,2/5/2020,,No,5.8,36-45
2064,27,Male,Married,11/22/2015,,No,10,26-35
2065,49,Male,Married,7/8/2018,,No,7.4,46-55
2068,34,Male,Married,5/25/2015,,No,10.5,26-35
