EmployeeNumber,JobRole,JobLevel,Education,EducationField,Education Label
1,Sales Executive,2,2,Life Sciences,College
2,Research Scientist,2,1,Life Sciences,Below College
4,Laboratory Technician,1,2,Other,College
5,Research Scientist,1,4,Life Sciences,Master
7,Laboratory Technician,1,1,Medical,Below College
8,Laboratory Technician,1,2,Life Sciences,College
10,Laboratory Technician,1,3,Medical,Bachelor
11,Laboratory Technician,1,1,Life Sciences,Below College
12,Manufacturing Director,3,3,Life Sciences,Bachelor
13,Healthcare Representative,2,3,Medical,Bachelor
14,Laboratory Technician,1,3,Medical,Bachelor
15,Laboratory Technician,2,2,Life Sciences,College
16,Research Scientist,1,1,Life Sciences,Below College
18,Laboratory Technician,1,2,Medical,College
19,Laboratory Technician,1,3,Life Sciences,Bachelor
20,Manufacturing Director,3,4,Life Sciences,Master
21,Research Scientist,1,2,Life Sciences,College
22,Laboratory Technician,1,2,Medical,College
23,Manager,4,4,Life Sciences,Master
24,Research Scientist,1,3,Life Sciences,Bachelor
26,Manufacturing Director,2,2,Other,College
27,Sales Representative,1,4,Life Sciences,Master
28,Research Director,3,4,Life Sciences,Master
30,Research Scientist,1,2,Life Sciences,College
31,Research Scientist,1,1,Medical,Below College
32,Manager,5,3,Other,Bachelor
33,Research Scientist,1,1,Life Sciences,Below College
35,Sales Executive,2,4,Marketing,Master
36,Healthcare Representative,3,4,Medical,Master
38,Manager,5,4,Marketing,Master
39,Laboratory Technician,1,3,Medical,Bachelor
40,Healthcare Representative,2,4,Other,Master
41,Laboratory Technician,1,2,Medical,College
42,Sales Representative,2,3,Technical Degree,Bachelor
45,Research Scientist,1,3,Medical,Bachelor
46,Research Scientist,1,2,Medical,College
47,Sales Representative,1,2,Marketing,College
49,Sales Representative,1,3,Marketing,Bachelor
51,Research Scientist,1,4,Life Sciences,Master
52,Sales Executive,2,3,Life Sciences,Bachelor
53,Laboratory Technician,1,2,Other,College
54,Laboratory Technician,1,4,Life Sciences,Master
55,Laboratory Technician,1,3,Life Sciences,Bachelor
56,Sales Executive,3,3,Life Sciences,Bachelor
57,Laboratory Technician,2,2,Medical,College
58,Research Director,5,3,Technical Degree,Bachelor
60,Sales Executive,2,4,Marketing,Master
61,Research Scientist,1,2,Life Sciences,College
62,Sales Executive,2,4,Marketing,Master
63,Laboratory Technician,1,1,Life Sciences,Below College
64,Laboratory Technician,3,2,Life Sciences,College
65,Laboratory Technician,1,4,Technical Degree,Master
68,Sales Executive,2,5,Marketing,Doctor
70,Healthcare Representative,3,2,Medical,College
72,Sales Executive,2,3,Marketing,Bachelor
73,Research Director,3,2,Life Sciences,College
74,Sales Executive,3,5,Life Sciences,Doctor
75,Laboratory Technician,1,4,Medical,Master
76,Laboratory Technician,2,4,Life Sciences,Master
77,Manufacturing Director,2,4,Life Sciences,Master
78,Manufacturing Director,2,3,Medical,Bachelor
79,Laboratory Technician,2,5,Life Sciences,Doctor
80,Research Director,5,2,Medical,College
81,Sales Executive,3,3,Life Sciences,Bachelor
83,Healthcare Representative,3,3,Technical Degree,Bachelor
84,Manager,4,3,Medical,Bachelor
85,Manufacturing Director,2,3,Life Sciences,Bachelor
86,Research Scientist,3,3,Life Sciences,Bachelor
88,Research Scientist,1,3,Medical,Bachelor
90,Research Scientist,1,3,Medical,Bachelor
91,Sales Executive,2,1,Life Sciences,Below College
94,Research Scientist,1,3,Life Sciences,Bachelor
95,Research Scientist,1,4,Medical,Master
96,Research Scientist,2,3,Life Sciences,Bachelor
97,Laboratory Technician,1,3,Life Sciences,Bachelor
98,Manufacturing Director,2,4,Life Sciences,Master
100,Sales Executive,2,4,Marketing,Master
101,Research Director,3,4,Other,Master
102,Research Director,3,4,Medical,Master
103,Human Resources,2,2,Medical,College
104,Laboratory Technician,2,1,Life Sciences,Below College
105,Research Scientist,1,3,Medical,Bachelor
106,Sales Executive,3,2,Life Sciences,College
107,Research Scientist,2,3,Medical,Bachelor
110,Manufacturing Director,2,2,Medical,College
112,Manufacturing Director,3,3,Life Sciences,Bachelor
113,Sales Representative,1,1,Technical Degree,Below College
116,Laboratory Technician,1,4,Life Sciences,Master
117,Healthcare Representative,2,3,Life Sciences,Bachelor
118,Sales Executive,3,2,Medical,College
119,Healthcare Representative,4,4,Life Sciences,Master
120,Sales Executive,2,4,Marketing,Master
121,Sales Executive,2,2,Medical,College
124,Healthcare Representative,3,3,Medical,Bachelor
125,Sales Executive,2,4,Medical,Master
126,Research Director,3,4,Technical Degree,Master
128,Sales Executive,2,2,Other,College
129,Sales Executive,2,3,Medical,Bachelor
131,Sales Executive,4,4,Medical,Master
132,Laboratory Technician,2,3,Medical,Bachelor
133,Human Resources,1,4,Human Resources,Master
134,Research Scientist,1,1,Life Sciences,Below College
137,Laboratory Technician,1,3,Life Sciences,Bachelor
138,Research Scientist,2,4,Other,Master
139,Healthcare Representative,2,2,Life Sciences,College
140,Manager,5,4,Human Resources,Master
141,Research Director,5,3,Life Sciences,Bachelor
142,Sales Executive,2,3,Marketing,Bachelor
143,Research Scientist,1,1,Medical,Below College
144,Laboratory Technician,1,3,Medical,Bachelor
145,Healthcare Representative,3,4,Medical,Master
147,Laboratory Technician,2,3,Life Sciences,Bachelor
148,Manager,4,3,Human Resources,Bachelor
150,Laboratory Technician,1,1,Life Sciences,Below College
151,Research Scientist,2,4,Life Sciences,Master
152,Sales Executive,3,3,Life Sciences,Bachelor
153,Manager,3,3,Medical,Bachelor
154,Sales Executive,3,2,Technical Degree,College
155,Laboratory Technician,1,2,Life Sciences,College
158,Manager,4,2,Life Sciences,College
159,Research Scientist,1,3,Life Sciences,Bachelor
160,Sales Executive,2,2,Marketing,College
161,Research Scientist,1,4,Life Sciences,Master
162,Research Director,5,3,Life Sciences,Bachelor
163,Sales Executive,2,4,Life Sciences,Master
164,Research Scientist,1,3,Other,Bachelor
165,Healthcare Representative,3,4,Medical,Master
167,Sales Representative,1,1,Marketing,Below College
169,Laboratory Technician,1,1,Technical Degree,Below College
170,Manufacturing Director,2,4,Medical,Master
171,Research Scientist,1,3,Medical,Bachelor
174,Sales Executive,3,3,Marketing,Bachelor
175,Sales Executive,2,3,Life Sciences,Bachelor
176,Sales Executive,3,1,Life Sciences,Below College
177,Human Resources,1,1,Life Sciences,Below College
178,Manufacturing Director,2,2,Medical,College
179,Manufacturing Director,3,4,Life Sciences,Master
182,Sales Executive,2,4,Life Sciences,Master
183,Sales Executive,2,3,Life Sciences,Bachelor
184,Human Resources,2,3,Human Resources,Bachelor
190,Laboratory Technician,1,3,Medical,Bachelor
192,Research Scientist,1,3,Medical,Bachelor
193,Research Scientist,2,5,Technical Degree,Doctor
194,Research Scientist,1,3,Life Sciences,Bachelor
195,Sales Executive,2,2,Medical,College
197,Research Scientist,1,3,Technical Degree,Bachelor
198,Laboratory Technician,1,1,Medical,Below College
199,Manager,4,3,Life Sciences,Bachelor
200,Laboratory Technician,1,4,Life Sciences,Master
201,Laboratory Technician,1,1,Medical,Below College
202,Research Scientist,2,3,Medical,Bachelor
204,Sales Executive,3,5,Marketing,Doctor
205,Sales Representative,2,2,Marketing,College
206,Laboratory Technician,2,3,Life Sciences,Bachelor
207,Sales Executive,3,3,Marketing,Bachelor
208,Manufacturing Director,2,1,Technical Degree,Below College
211,Manufacturing Director,2,4,Medical,Master
214,Research Scientist,1,3,Medical,Bachelor
215,Sales Executive,3,4,Marketing,Master
216,Sales Representative,1,4,Marketing,Master
217,Research Scientist,1,1,Medical,Below College
218,Research Scientist,1,3,Medical,Bachelor
221,Research Scientist,1,3,Medical,Bachelor
223,Healthcare Representative,3,2,Life Sciences,College
224,Research Scientist,1,3,Medical,Bachelor
226,Manager,5,3,Life Sciences,Bachelor
227,Research Scientist,1,3,Life Sciences,Bachelor
228,Sales Executive,3,3,Life Sciences,Bachelor
230,Sales Executive,2,4,Life Sciences,Master
231,Research Scientist,1,5,Life Sciences,Doctor
233,Research Scientist,1,3,Technical Degree,Bachelor
235,Sales Representative,1,1,Technical Degree,Below College
238,Laboratory Technician,1,2,Medical,College
239,Laboratory Technician,2,3,Medical,Bachelor
240,Sales Executive,2,2,Life Sciences,College
241,Research Scientist,1,3,Life Sciences,Bachelor
242,Research Scientist,1,3,Life Sciences,Bachelor
243,Laboratory Technician,1,3,Life Sciences,Bachelor
244,Sales Executive,3,2,Marketing,College
245,Laboratory Technician,1,2,Life Sciences,College
246,Research Scientist,1,1,Medical,Below College
247,Research Scientist,1,2,Medical,College
248,Sales Representative,1,2,Marketing,College
249,Laboratory Technician,1,3,Medical,Bachelor
250,Manufacturing Director,2,2,Medical,College
252,Research Scientist,1,3,Medical,Bachelor
253,Manager,5,1,Medical,Below College
254,Research Director,5,4,Medical,Master
256,Manufacturing Director,2,1,Life Sciences,Below College
258,Healthcare Representative,4,3,Medical,Bachelor
259,Manager,5,4,Life Sciences,Master
260,Research Scientist,1,3,Medical,Bachelor
261,Manufacturing Director,2,2,Life Sciences,College
262,Research Scientist,1,3,Medical,Bachelor
264,Manager,4,2,Medical,College
267,Research Scientist,1,3,Life Sciences,Bachelor
269,Laboratory Technician,2,3,Medical,Bachelor
270,Manufacturing Director,2,2,Medical,College
271,Manufacturing Director,2,4,Life Sciences,Master
273,Manufacturing Director,2,3,Technical Degree,Bachelor
274,Manufacturing Director,2,1,Technical Degree,Below College
275,Manufacturing Director,2,4,Life Sciences,Master
277,Research Scientist,1,4,Medical,Master
281,Laboratory Technician,2,2,Medical,College
282,Healthcare Representative,2,1,Medical,Below College
283,Sales Executive,3,3,Marketing,Bachelor
284,Research Scientist,1,3,Life Sciences,Bachelor
286,Laboratory Technician,1,1,Medical,Below College
287,Healthcare Representative,2,5,Life Sciences,Doctor
288,Healthcare Representative,3,4,Medical,Master
291,Sales Executive,3,4,Medical,Master
292,Manufacturing Director,3,1,Life Sciences,Below College
293,Sales Executive,2,3,Life Sciences,Bachelor
296,Research Director,3,4,Life Sciences,Master
297,Research Scientist,1,3,Technical Degree,Bachelor
298,Manager,3,3,Life Sciences,Bachelor
299,Sales Executive,2,4,Marketing,Master
300,Research Scientist,1,3,Technical Degree,Bachelor
302,Sales Executive,3,3,Medical,Bachelor
303,Sales Executive,2,3,Marketing,Bachelor
304,Laboratory Technician,2,2,Life Sciences,College
305,Research Scientist,1,4,Medical,Master
306,Research Director,3,3,Other,Bachelor
307,Sales Executive,3,3,Life Sciences,Bachelor
308,Manufacturing Director,2,4,Medical,Master
309,Research Scientist,1,3,Life Sciences,Bachelor
311,Sales Representative,1,4,Marketing,Master
312,Sales Executive,3,1,Medical,Below College
314,Sales Executive,3,3,Marketing,Bachelor
315,Research Scientist,1,1,Medical,Below College
316,Laboratory Technician,1,3,Life Sciences,Bachelor
319,Manager,5,2,Technical Degree,College
321,Human Resources,1,2,Medical,College
323,Manager,5,4,Medical,Master
325,Laboratory Technician,1,3,Medical,Bachelor
327,Manager,4,3,Marketing,Bachelor
328,Laboratory Technician,1,2,Life Sciences,College
329,Manager,5,4,Life Sciences,Master
330,Sales Representative,1,2,Life Sciences,College
331,Laboratory Technician,1,3,Life Sciences,Bachelor
332,Laboratory Technician,1,4,Medical,Master
333,Sales Executive,2,4,Marketing,Master
334,Research Scientist,2,2,Life Sciences,College
335,Research Scientist,2,2,Technical Degree,College
336,Manager,5,3,Other,Bachelor
337,Research Director,3,4,Medical,Master
338,Research Scientist,1,4,Life Sciences,Master
339,Manufacturing Director,2,4,Life Sciences,Master
340,Research Scientist,1,2,Medical,College
341,Manufacturing Director,2,4,Life Sciences,Master
342,Manufacturing Director,3,3,Medical,Bachelor
343,Healthcare Representative,3,4,Technical Degree,Master
346,Research Scientist,1,3,Life Sciences,Bachelor
347,Research Scientist,2,2,Life Sciences,College
349,Sales Executive,2,2,Marketing,College
350,Manufacturing Director,2,3,Life Sciences,Bachelor
351,Laboratory Technician,1,3,Medical,Bachelor
352,Research Director,5,2,Medical,College
353,Research Scientist,1,3,Life Sciences,Bachelor
355,Laboratory Technician,1,2,Medical,College
359,Laboratory Technician,1,3,Life Sciences,Bachelor
361,Sales Executive,2,2,Life Sciences,College
362,Laboratory Technician,2,1,Technical Degree,Below College
363,Manager,4,3,Technical Degree,Bachelor
364,Laboratory Technician,1,4,Life Sciences,Master
366,Sales Executive,2,3,Medical,Bachelor
367,Healthcare Representative,2,3,Medical,Bachelor
369,Healthcare Representative,2,2,Life Sciences,College
372,Healthcare Representative,4,2,Medical,College
373,Laboratory Technician,1,3,Life Sciences,Bachelor
374,Manager,5,3,Medical,Bachelor
376,Manager,3,4,Life Sciences,Master
377,Research Scientist,1,3,Medical,Bachelor
378,Sales Executive,2,4,Medical,Master
379,Research Scientist,1,2,Medical,College
380,Research Director,3,4,Medical,Master
381,Manager,3,3,Life Sciences,Bachelor
382,Sales Executive,2,2,Medical,College
384,Manufacturing Director,2,3,Life Sciences,Bachelor
385,Research Director,5,1,Life Sciences,Below College
386,Research Director,4,4,Medical,Master
387,Sales Executive,2,1,Life Sciences,Below College
388,Sales Executive,2,2,Life Sciences,College
389,Laboratory Technician,2,2,Technical Degree,College
390,Healthcare Representative,2,2,Medical,College
391,Research Scientist,1,3,Life Sciences,Bachelor
392,Laboratory Technician,1,3,Life Sciences,Bachelor
393,Healthcare Representative,2,4,Life Sciences,Master
394,Laboratory Technician,1,4,Medical,Master
395,Research Scientist,1,2,Life Sciences,College
396,Research Director,5,4,Life Sciences,Master
397,Research Scientist,2,3,Technical Degree,Bachelor
399,Sales Representative,1,3,Marketing,Bachelor
401,Sales Executive,2,4,Marketing,Master
403,Research Scientist,1,3,Medical,Bachelor
404,Sales Executive,4,3,Marketing,Bachelor
405,Laboratory Technician,1,3,Life Sciences,Bachelor
406,Sales Executive,3,3,Marketing,Bachelor
407,Laboratory Technician,1,4,Life Sciences,Master
408,Manufacturing Director,2,3,Medical,Bachelor
410,Manager,4,4,Life Sciences,Master
411,Sales Representative,1,3,Medical,Bachelor
412,Healthcare Representative,2,2,Medical,College
416,Sales Executive,2,3,Technical Degree,Bachelor
417,Healthcare Representative,3,3,Medical,Bachelor
419,Laboratory Technician,2,4,Life Sciences,Master
420,Sales Executive,2,3,Life Sciences,Bachelor
421,Research Director,3,2,Life Sciences,College
422,Healthcare Representative,2,4,Life Sciences,Master
423,Research Scientist,1,4,Technical Degree,Master
424,Human Resources,2,3,Human Resources,Bachelor
425,Laboratory Technician,3,3,Life Sciences,Bachelor
426,Research Scientist,1,4,Life Sciences,Master
428,Manager,3,4,Life Sciences,Master
429,Manager,4,1,Medical,Below College
430,Laboratory Technician,1,4,Life Sciences,Master
431,Healthcare Representative,4,2,Technical Degree,College
433,Research Scientist,2,4,Medical,Master
434,Research Scientist,1,3,Life Sciences,Bachelor
436,Sales Executive,2,2,Technical Degree,College
437,Sales Executive,2,3,Life Sciences,Bachelor
438,Sales Executive,2,3,Marketing,Bachelor
439,Research Scientist,2,4,Medical,Master
440,Research Scientist,1,4,Medical,Master
441,Research Scientist,2,2,Medical,College
442,Manufacturing Director,3,2,Life Sciences,College
444,Manager,5,2,Medical,College
445,Sales Executive,2,2,Medical,College
446,Sales Executive,2,3,Marketing,Bachelor
447,Research Director,5,5,Life Sciences,Doctor
448,Laboratory Technician,2,4,Life Sciences,Master
449,Sales Executive,2,1,Marketing,Below College
450,Research Scientist,2,4,Life Sciences,Master
451,Healthcare Representative,3,3,Life Sciences,Bachelor
452,Research Scientist,2,4,Other,Master
453,Sales Executive,2,2,Medical,College
454,Laboratory Technician,1,4,Other,Master
455,Laboratory Technician,1,5,Other,Doctor
456,Sales Executive,2,3,Marketing,Bachelor
458,Sales Executive,2,4,Marketing,Master
460,Manufacturing Director,2,2,Medical,College
461,Research Director,3,2,Life Sciences,College
462,Manufacturing Director,3,4,Medical,Master
463,Sales Executive,2,1,Marketing,Below College
464,Manufacturing Director,3,4,Technical Degree,Master
465,Research Scientist,1,1,Life Sciences,Below College
466,Manufacturing Director,2,3,Medical,Bachelor
467,Sales Representative,2,1,Medical,Below College
468,Research Director,4,5,Life Sciences,Doctor
469,Sales Executive,2,3,Life Sciences,Bachelor
470,Human Resources,1,1,Technical Degree,Below College
471,Laboratory Technician,1,3,Medical,Bachelor
473,Manager,3,1,Medical,Below College
474,Research Scientist,2,3,Medical,Bachelor
475,Sales Executive,2,2,Technical Degree,College
476,Sales Executive,2,3,Life Sciences,Bachelor
477,Healthcare Representative,2,4,Other,Master
478,Sales Representative,1,1,Technical Degree,Below College
479,Sales Executive,2,5,Medical,Doctor
481,Sales Executive,3,4,Medical,Master
482,Healthcare Representative,2,4,Medical,Master
483,Laboratory Technician,1,4,Life Sciences,Master
484,Sales Representative,1,2,Medical,College
485,Sales Representative,1,3,Marketing,Bachelor
486,Laboratory Technician,1,3,Medical,Bachelor
487,Manufacturing Director,2,4,Medical,Master
488,Sales Executive,2,3,Marketing,Bachelor
491,Healthcare Representative,3,3,Technical Degree,Bachelor
492,Sales Executive,2,2,Marketing,College
493,Research Scientist,1,4,Life Sciences,Master
494,Sales Representative,1,3,Life Sciences,Bachelor
495,Research Scientist,1,3,Life Sciences,Bachelor
496,Healthcare Representative,2,4,Life Sciences,Master
497,Laboratory Technician,1,2,Medical,College
498,Sales Executive,2,4,Life Sciences,Master
499,Healthcare Representative,3,3,Other,Bachelor
500,Sales Executive,2,2,Life Sciences,College
501,Research Scientist,1,3,Life Sciences,Bachelor
502,Sales Executive,2,3,Marketing,Bachelor
505,Manager,4,3,Life Sciences,Bachelor
507,Sales Executive,2,4,Marketing,Master
508,Sales Representative,1,1,Technical Degree,Below College
510,Research Scientist,1,1,Technical Degree,Below College
511,Research Scientist,1,3,Medical,Bachelor
513,Sales Executive,3,2,Medical,College
514,Research Scientist,1,3,Technical Degree,Bachelor
515,Laboratory Technician,1,3,Life Sciences,Bachelor
516,Sales Executive,2,2,Marketing,College
517,Laboratory Technician,1,4,Life Sciences,Master
518,Manufacturing Director,2,4,Life Sciences,Master
520,Research Director,4,3,Life Sciences,Bachelor
521,Laboratory Technician,2,3,Medical,Bachelor
522,Research Director,5,2,Medical,College
523,Sales Executive,2,4,Marketing,Master
524,Manufacturing Director,2,2,Medical,College
525,Laboratory Technician,1,3,Medical,Bachelor
526,Healthcare Representative,2,4,Other,Master
527,Sales Executive,2,2,Life Sciences,College
529,Research Scientist,2,5,Medical,Doctor
530,Laboratory Technician,1,2,Life Sciences,College
531,Manager,5,1,Life Sciences,Below College
532,Sales Executive,4,3,Life Sciences,Bachelor
533,Sales Executive,2,3,Technical Degree,Bachelor
534,Sales Executive,3,3,Marketing,Bachelor
536,Laboratory Technician,2,2,Medical,College
538,Laboratory Technician,1,3,Medical,Bachelor
543,Manufacturing Director,3,3,Medical,Bachelor
544,Research Scientist,1,2,Life Sciences,College
546,Manager,4,2,Life Sciences,College
547,Research Scientist,2,2,Life Sciences,College
548,Manufacturing Director,2,3,Life Sciences,Bachelor
549,Manager,5,3,Life Sciences,Bachelor
550,Manufacturing Director,2,3,Medical,Bachelor
551,Healthcare Representative,2,4,Technical Degree,Master
554,Sales Representative,1,1,Technical Degree,Below College
555,Sales Representative,1,2,Marketing,College
556,Laboratory Technician,1,2,Life Sciences,College
558,Manager,5,4,Life Sciences,Master
560,Research Scientist,1,3,Life Sciences,Bachelor
562,Laboratory Technician,1,3,Life Sciences,Bachelor
564,Research Director,3,4,Medical,Master
565,Research Scientist,1,5,Technical Degree,Doctor
566,Human Resources,1,2,Technical Degree,College
567,Sales Executive,3,4,Other,Master
568,Manager,4,3,Marketing,Bachelor
569,Manager,4,4,Life Sciences,Master
571,Laboratory Technician,1,3,Medical,Bachelor
573,Sales Executive,3,3,Marketing,Bachelor
574,Manufacturing Director,2,2,Medical,College
575,Research Director,4,3,Life Sciences,Bachelor
577,Laboratory Technician,1,3,Life Sciences,Bachelor
578,Laboratory Technician,2,4,Life Sciences,Master
579,Research Scientist,1,4,Life Sciences,Master
580,Sales Executive,3,3,Marketing,Bachelor
581,Manufacturing Director,3,1,Life Sciences,Below College
582,Manager,3,1,Medical,Below College
584,Laboratory Technician,1,1,Medical,Below College
585,Sales Representative,1,1,Marketing,Below College
586,Healthcare Representative,3,3,Life Sciences,Bachelor
587,Healthcare Representative,3,3,Life Sciences,Bachelor
590,Human Resources,3,3,Human Resources,Bachelor
591,Laboratory Technician,1,2,Other,College
592,Sales Executive,3,4,Medical,Master
593,Laboratory Technician,1,1,Technical Degree,Below College
595,Sales Executive,2,5,Marketing,Doctor
597,Manager,4,5,Life Sciences,Doctor
599,Sales Executive,2,2,Life Sciences,College
600,Sales Executive,2,3,Marketing,Bachelor
601,Manufacturing Director,4,3,Life Sciences,Bachelor
602,Laboratory Technician,1,1,Life Sciences,Below College
604,Sales Executive,2,1,Life Sciences,Below College
605,Manufacturing Director,3,3,Medical,Bachelor
606,Sales Executive,2,3,Other,Bachelor
608,Human Resources,1,4,Life Sciences,Master
611,Manufacturing Director,2,3,Technical Degree,Bachelor
612,Research Director,4,5,Medical,Doctor
613,Manager,3,3,Life Sciences,Bachelor
614,Sales Representative,1,3,Marketing,Bachelor
615,Sales Executive,3,3,Other,Bachelor
616,Healthcare Representative,2,4,Other,Master
618,Sales Executive,2,2,Medical,College
620,Sales Executive,2,3,Medical,Bachelor
621,Sales Executive,2,4,Life Sciences,Master
622,Laboratory Technician,1,3,Technical Degree,Bachelor
623,Manufacturing Director,3,3,Technical Degree,Bachelor
624,Healthcare Representative,3,1,Medical,Below College
625,Manager,4,5,Life Sciences,Doctor
626,Sales Executive,3,4,Medical,Master
630,Research Scientist,2,2,Technical Degree,College
631,Sales Executive,2,4,Other,Master
632,Sales Representative,1,3,Medical,Bachelor
634,Healthcare Representative,2,3,Medical,Bachelor
635,Manufacturing Director,2,4,Life Sciences,Master
638,Research Director,5,4,Life Sciences,Master
639,Research Scientist,1,3,Medical,Bachelor
641,Sales Executive,2,2,Marketing,College
643,Laboratory Technician,1,2,Other,College
644,Manager,5,3,Medical,Bachelor
645,Sales Representative,1,1,Medical,Below College
647,Laboratory Technician,1,3,Life Sciences,Bachelor
648,Sales Representative,1,4,Life Sciences,Master
649,Research Scientist,1,2,Life Sciences,College
650,Sales Executive,2,4,Medical,Master
652,Laboratory Technician,2,2,Other,College
653,Sales Executive,2,4,Medical,Master
655,Research Scientist,1,4,Medical,Master
656,Sales Executive,2,3,Marketing,Bachelor
657,Research Scientist,1,3,Life Sciences,Bachelor
659,Healthcare Representative,2,4,Life Sciences,Master
661,Research Director,4,4,Other,Master
662,Research Scientist,1,1,Life Sciences,Below College
663,Laboratory Technician,2,5,Medical,Doctor
664,Manager,4,4,Life Sciences,Master
665,Human Resources,2,4,Life Sciences,Master
666,Sales Representative,1,3,Technical Degree,Bachelor
667,Sales Representative,1,1,Marketing,Below College
669,Sales Representative,1,1,Technical Degree,Below College
671,Manager,5,4,Other,Master
675,Research Scientist,1,1,Medical,Below College
677,Sales Executive,2,4,Marketing,Master
679,Research Scientist,2,4,Life Sciences,Master
680,Research Scientist,1,3,Medical,Bachelor
682,Sales Executive,2,1,Medical,Below College
683,Research Scientist,1,5,Life Sciences,Doctor
684,Sales Executive,2,4,Life Sciences,Master
686,Laboratory Technician,1,3,Life Sciences,Bachelor
689,Manufacturing Director,3,3,Other,Bachelor
690,Sales Executive,2,2,Medical,College
691,Research Scientist,2,4,Life Sciences,Master
692,Healthcare Representative,2,3,Life Sciences,Bachelor
698,Human Resources,3,4,Medical,Master
699,Manufacturing Director,2,2,Medical,College
700,Research Scientist,1,4,Medical,Master
701,Research Scientist,1,1,Medical,Below College
702,Research Scientist,1,3,Life Sciences,Bachelor
704,Laboratory Technician,1,3,Life Sciences,Bachelor
705,Research Scientist,1,3,Medical,Bachelor
707,Sales Executive,2,3,Life Sciences,Bachelor
709,Sales Executive,2,4,Marketing,Master
710,Research Scientist,1,4,Life Sciences,Master
712,Sales Executive,2,1,Marketing,Below College
714,Sales Executive,2,1,Medical,Below College
715,Research Scientist,1,2,Life Sciences,College
716,Laboratory Technician,1,1,Medical,Below College
717,Healthcare Representative,3,3,Medical,Bachelor
720,Sales Executive,2,2,Life Sciences,College
721,Healthcare Representative,2,4,Technical Degree,Master
722,Sales Executive,2,3,Marketing,Bachelor
723,Sales Executive,2,2,Technical Degree,College
724,Healthcare Representative,2,4,Life Sciences,Master
725,Manufacturing Director,3,2,Life Sciences,College
727,Research Director,3,2,Life Sciences,College
728,Sales Executive,2,4,Marketing,Master
729,Sales Executive,3,4,Life Sciences,Master
730,Research Director,4,3,Life Sciences,Bachelor
731,Manager,5,4,Human Resources,Master
732,Sales Executive,2,4,Marketing,Master
733,Manufacturing Director,3,2,Life Sciences,College
734,Manager,5,3,Human Resources,Bachelor
738,Sales Representative,1,4,Marketing,Master
741,Research Scientist,1,2,Life Sciences,College
742,Research Director,3,3,Life Sciences,Bachelor
743,Manufacturing Director,3,3,Life Sciences,Bachelor
744,Laboratory Technician,1,3,Medical,Bachelor
746,Sales Executive,4,3,Medical,Bachelor
747,Sales Executive,2,5,Marketing,Doctor
749,Sales Representative,1,3,Life Sciences,Bachelor
752,Research Scientist,1,3,Medical,Bachelor
754,Sales Executive,2,3,Life Sciences,Bachelor
757,Healthcare Representative,2,2,Medical,College
758,Laboratory Technician,1,1,Medical,Below College
760,Human Resources,2,3,Human Resources,Bachelor
762,Healthcare Representative,4,3,Medical,Bachelor
763,Research Scientist,1,1,Medical,Below College
764,Healthcare Representative,2,3,Medical,Bachelor
766,Sales Representative,1,3,Marketing,Bachelor
769,Laboratory Technician,2,3,Life Sciences,Bachelor
771,Healthcare Representative,2,4,Life Sciences,Master
772,Laboratory Technician,2,4,Life Sciences,Master
773,Research Scientist,1,5,Medical,Doctor
775,Manufacturing Director,2,5,Life Sciences,Doctor
776,Manager,4,4,Marketing,Master
780,Research Scientist,1,4,Other,Master
781,Sales Executive,2,1,Medical,Below College
783,Sales Representative,2,2,Technical Degree,College
784,Research Scientist,1,1,Medical,Below College
785,Sales Executive,2,2,Life Sciences,College
786,Sales Executive,2,3,Other,Bachelor
787,Manager,5,3,Medical,Bachelor
789,Sales Executive,3,4,Life Sciences,Master
791,Research Scientist,1,4,Medical,Master
792,Laboratory Technician,1,2,Life Sciences,College
793,Healthcare Representative,2,3,Medical,Bachelor
796,Sales Executive,2,3,Technical Degree,Bachelor
797,Research Scientist,1,4,Life Sciences,Master
799,Manufacturing Director,2,4,Medical,Master
800,Sales Executive,2,1,Marketing,Below College
802,Research Scientist,1,1,Life Sciences,Below College
803,Manufacturing Director,2,4,Life Sciences,Master
804,Research Scientist,1,4,Medical,Master
805,Sales Representative,1,4,Life Sciences,Master
806,Laboratory Technician,1,3,Life Sciences,Bachelor
807,Healthcare Representative,2,2,Medical,College
808,Sales Executive,2,2,Life Sciences,College
809,Manager,5,3,Life Sciences,Bachelor
811,Laboratory Technician,1,3,Life Sciences,Bachelor
812,Laboratory Technician,1,3,Life Sciences,Bachelor
813,Laboratory Technician,2,4,Life Sciences,Master
815,Research Director,4,3,Medical,Bachelor
816,Laboratory Technician,1,2,Life Sciences,College
817,Research Director,3,3,Medical,Bachelor
819,Sales Executive,2,3,Marketing,Bachelor
820,Manager,4,2,Other,College
823,Manufacturing Director,2,3,Other,Bachelor
824,Research Scientist,1,2,Life Sciences,College
825,Research Director,5,4,Life Sciences,Master
826,Research Scientist,1,4,Life Sciences,Master
827,Manufacturing Director,2,2,Life Sciences,College
828,Research Scientist,1,4,Medical,Master
829,Human Resources,1,3,Human Resources,Bachelor
830,Manufacturing Director,2,3,Life Sciences,Bachelor
832,Laboratory Technician,2,4,Medical,Master
833,Manufacturing Director,2,3,Medical,Bachelor
834,Research Scientist,1,3,Life Sciences,Bachelor
836,Manufacturing Director,2,3,Life Sciences,Bachelor
837,Healthcare Representative,2,3,Life Sciences,Bachelor
838,Research Scientist,1,4,Life Sciences,Master
840,Sales Executive,3,3,Marketing,Bachelor
842,Sales Executive,2,1,Medical,Below College
843,Research Director,4,2,Life Sciences,College
844,Research Director,3,1,Technical Degree,Below College
845,Manufacturing Director,3,3,Other,Bachelor
846,Sales Executive,2,4,Marketing,Master
847,Human Resources,1,2,Human Resources,College
848,Research Scientist,1,2,Medical,College
850,Research Scientist,1,3,Medical,Bachelor
851,Manager,4,4,Marketing,Master
852,Healthcare Representative,2,3,Medical,Bachelor
854,Research Scientist,1,1,Medical,Below College
855,Sales Executive,2,3,Medical,Bachelor
856,Research Scientist,1,1,Medical,Below College
857,Sales Executive,2,2,Life Sciences,College
859,Sales Executive,2,4,Life Sciences,Master
861,Research Scientist,1,4,Life Sciences,Master
862,Sales Executive,3,2,Marketing,College
864,Sales Executive,3,3,Marketing,Bachelor
865,Research Scientist,2,2,Medical,College
867,Manufacturing Director,4,4,Medical,Master
868,Sales Executive,2,4,Marketing,Master
869,Human Resources,1,2,Medical,College
872,Manufacturing Director,2,2,Life Sciences,College
874,Laboratory Technician,1,4,Life Sciences,Master
875,Research Scientist,1,1,Medical,Below College
878,Human Resources,1,3,Life Sciences,Bachelor
879,Sales Executive,2,1,Other,Below College
880,Manufacturing Director,3,3,Life Sciences,Bachelor
881,Research Scientist,1,4,Life Sciences,Master
882,Laboratory Technician,1,3,Life Sciences,Bachelor
885,Sales Executive,2,1,Marketing,Below College
887,Research Scientist,1,3,Technical Degree,Bachelor
888,Laboratory Technician,1,1,Life Sciences,Below College
889,Sales Executive,2,2,Life Sciences,College
893,Sales Representative,1,3,Marketing,Bachelor
894,Laboratory Technician,2,3,Life Sciences,Bachelor
895,Research Scientist,1,4,Life Sciences,Master
896,Sales Representative,1,3,Medical,Bachelor
897,Sales Executive,4,3,Marketing,Bachelor
899,Manufacturing Director,3,3,Technical Degree,Bachelor
900,Sales Representative,1,2,Medical,College
901,Research Director,4,4,Life Sciences,Master
902,Healthcare Representative,2,3,Life Sciences,Bachelor
903,Sales Executive,2,2,Marketing,College
904,Sales Executive,3,2,Medical,College
905,Manager,4,4,Life Sciences,Master
909,Human Resources,2,3,Life Sciences,Bachelor
910,Human Resources,1,2,Human Resources,College
911,Laboratory Technician,1,4,Life Sciences,Master
912,Laboratory Technician,1,1,Medical,Below College
913,Research Scientist,1,2,Life Sciences,College
916,Sales Executive,2,4,Medical,Master
918,Laboratory Technician,1,1,Life Sciences,Below College
920,Manufacturing Director,2,3,Life Sciences,Bachelor
922,Sales Representative,1,3,Medical,Bachelor
923,Research Scientist,1,1,Other,Below College
924,Healthcare Representative,2,1,Life Sciences,Below College
925,Sales Representative,1,4,Life Sciences,Master
926,Manufacturing Director,2,1,Life Sciences,Below College
927,Laboratory Technician,1,4,Life Sciences,Master
930,Research Scientist,1,3,Medical,Bachelor
932,Laboratory Technician,1,3,Medical,Bachelor
933,Research Scientist,1,3,Life Sciences,Bachelor
934,Laboratory Technician,1,3,Life Sciences,Bachelor
936,Sales Executive,2,2,Medical,College
939,Research Scientist,1,4,Other,Master
940,Healthcare Representative,3,3,Technical Degree,Bachelor
941,Sales Representative,1,4,Life Sciences,Master
942,Healthcare Representative,2,1,Life Sciences,Below College
944,Laboratory Technician,3,2,Other,College
945,Research Scientist,1,4,Medical,Master
947,Sales Executive,2,2,Marketing,College
949,Research Scientist,1,4,Other,Master
950,Research Director,3,3,Technical Degree,Bachelor
951,Laboratory Technician,1,3,Life Sciences,Bachelor
952,Sales Representative,1,2,Marketing,College
954,Sales Executive,3,4,Marketing,Master
956,Sales Executive,2,3,Medical,Bachelor
957,Laboratory Technician,1,3,Medical,Bachelor
958,Laboratory Technician,1,4,Medical,Master
959,Sales Representative,1,3,Other,Bachelor
960,Laboratory Technician,1,3,Technical Degree,Bachelor
961,Healthcare Representative,2,3,Medical,Bachelor
964,Research Scientist,1,4,Medical,Master
966,Manufacturing Director,2,4,Medical,Master
967,Sales Executive,3,1,Life Sciences,Below College
969,Healthcare Representative,2,3,Life Sciences,Bachelor
970,Sales Executive,3,4,Life Sciences,Master
972,Laboratory Technician,2,2,Life Sciences,College
974,Sales Representative,1,3,Technical Degree,Bachelor
975,Sales Executive,2,3,Medical,Bachelor
976,Manager,4,2,Life Sciences,College
977,Research Scientist,1,3,Technical Degree,Bachelor
981,Manager,4,2,Medical,College
982,Sales Executive,3,2,Other,College
983,Sales Executive,2,3,Technical Degree,Bachelor
984,Sales Executive,3,4,Life Sciences,Master
985,Sales Executive,3,5,Life Sciences,Doctor
986,Sales Executive,4,3,Life Sciences,Bachelor
987,Manufacturing Director,2,4,Medical,Master
990,Sales Executive,2,4,Technical Degree,Master
991,Research Scientist,1,2,Medical,College
992,Manager,4,3,Life Sciences,Bachelor
994,Research Scientist,1,3,Life Sciences,Bachelor
995,Research Scientist,1,1,Life Sciences,Below College
996,Laboratory Technician,1,4,Medical,Master
997,Research Director,4,2,Medical,College
998,Healthcare Representative,2,4,Other,Master
999,Research Director,5,3,Medical,Bachelor
1001,Laboratory Technician,1,4,Technical Degree,Master
1002,Laboratory Technician,2,2,Life Sciences,College
1003,Sales Executive,2,2,Life Sciences,College
1004,Research Scientist,1,3,Life Sciences,Bachelor
1005,Manufacturing Director,4,3,Life Sciences,Bachelor
1006,Research Scientist,1,1,Medical,Below College
1007,Manufacturing Director,3,2,Medical,College
1009,Manufacturing Director,2,1,Medical,Below College
1010,Laboratory Technician,1,4,Other,Master
1011,Manufacturing Director,2,1,Life Sciences,Below College
1012,Research Scientist,1,2,Life Sciences,College
1013,Manufacturing Director,3,3,Technical Degree,Bachelor
1014,Healthcare Representative,3,4,Medical,Master
1015,Research Director,3,2,Life Sciences,College
1016,Research Scientist,1,3,Medical,Bachelor
1017,Laboratory Technician,1,3,Medical,Bachelor
1018,Manufacturing Director,2,2,Medical,College
1019,Laboratory Technician,1,1,Life Sciences,Below College
1022,Healthcare Representative,2,3,Life Sciences,Bachelor
1024,Healthcare Representative,3,4,Life Sciences,Master
1025,Manufacturing Director,2,2,Medical,College
1026,Manufacturing Director,4,1,Life Sciences,Below College
1027,Manufacturing Director,2,4,Life Sciences,Master
1028,Laboratory Technician,1,3,Other,Bachelor
1029,Manager,5,2,Marketing,College
1030,Laboratory Technician,1,3,Life Sciences,Bachelor
1032,Manufacturing Director,4,3,Life Sciences,Bachelor
1033,Healthcare Representative,2,2,Medical,College
1034,Healthcare Representative,2,4,Medical,Master
1035,Research Director,5,1,Life Sciences,Below College
1036,Sales Executive,2,4,Life Sciences,Master
1037,Sales Executive,2,2,Medical,College
1038,Manager,5,1,Marketing,Below College
1039,Sales Executive,4,3,Medical,Bachelor
1040,Sales Executive,2,3,Life Sciences,Bachelor
1042,Laboratory Technician,1,4,Life Sciences,Master
1043,Manufacturing Director,3,3,Medical,Bachelor
1044,Sales Representative,1,1,Life Sciences,Below College
1045,Manager,4,2,Life Sciences,College
1046,Laboratory Technician,1,4,Medical,Master
1047,Sales Executive,2,4,Marketing,Master
1048,Manager,3,2,Technical Degree,College
1049,Human Resources,1,4,Medical,Master
1050,Sales Executive,3,3,Marketing,Bachelor
1052,Laboratory Technician,2,3,Other,Bachelor
1053,Research Scientist,1,3,Life Sciences,Bachelor
1055,Sales Representative,1,4,Life Sciences,Master
1056,Sales Representative,1,1,Medical,Below College
1060,Research Scientist,1,4,Other,Master
1061,Research Director,5,4,Medical,Master
1062,Healthcare Representative,2,3,Other,Bachelor
1066,Sales Executive,2,3,Marketing,Bachelor
1068,Research Scientist,1,1,Medical,Below College
1069,Research Director,5,4,Medical,Master
1070,Sales Executive,3,4,Life Sciences,Master
1071,Research Scientist,1,3,Medical,Bachelor
1073,Manufacturing Director,3,5,Medical,Doctor
1074,Manager,4,1,Medical,Below College
1076,Sales Executive,3,3,Medical,Bachelor
1077,Sales Representative,1,3,Marketing,Bachelor
1079,Laboratory Technician,1,3,Life Sciences,Bachelor
1080,Research Scientist,2,4,Life Sciences,Master
1081,Research Scientist,1,4,Life Sciences,Master
1082,Healthcare Representative,3,2,Technical Degree,College
1083,Laboratory Technician,1,2,Medical,College
1084,Manufacturing Director,2,3,Other,Bachelor
1085,Research Scientist,1,2,Technical Degree,College
1088,Healthcare Representative,3,1,Life Sciences,Below College
1092,Healthcare Representative,3,4,Technical Degree,Master
1094,Laboratory Technician,1,5,Life Sciences,Doctor
1096,Manufacturing Director,3,1,Life Sciences,Below College
1097,Research Scientist,2,3,Other,Bachelor
1098,Human Resources,3,2,Medical,College
1099,Healthcare Representative,3,3,Life Sciences,Bachelor
1100,Sales Executive,3,3,Technical Degree,Bachelor
1101,Research Scientist,2,4,Medical,Master
1102,Laboratory Technician,1,2,Life Sciences,College
1103,Healthcare Representative,2,1,Life Sciences,Below College
1105,Sales Executive,2,4,Life Sciences,Master
1106,Laboratory Technician,1,1,Technical Degree,Below College
1107,Laboratory Technician,1,3,Medical,Bachelor
1108,Research Scientist,1,3,Medical,Bachelor
1109,Manager,4,2,Medical,College
1111,Laboratory Technician,1,3,Medical,Bachelor
1113,Sales Executive,2,4,Other,Master
1114,Sales Executive,2,3,Life Sciences,Bachelor
1115,Research Scientist,1,4,Life Sciences,Master
1116,Manager,4,4,Medical,Master
1117,Sales Executive,2,4,Life Sciences,Master
1118,Healthcare Representative,3,4,Life Sciences,Master
1119,Sales Executive,3,4,Marketing,Master
1120,Research Scientist,1,4,Life Sciences,Master
1121,Manufacturing Director,3,3,Medical,Bachelor
1124,Manager,4,1,Marketing,Below College
1125,Sales Executive,3,2,Marketing,College
1126,Manufacturing Director,3,3,Life Sciences,Bachelor
1127,Healthcare Representative,4,3,Life Sciences,Bachelor
1128,Research Director,5,3,Medical,Bachelor
1131,Research Scientist,1,1,Technical Degree,Below College
1132,Laboratory Technician,2,3,Life Sciences,Bachelor
1133,Manufacturing Director,2,4,Life Sciences,Master
1135,Sales Representative,1,3,Life Sciences,Bachelor
1136,Research Scientist,1,1,Life Sciences,Below College
1137,Sales Executive,2,2,Marketing,College
1138,Sales Executive,4,4,Technical Degree,Master
1140,Manufacturing Director,2,2,Life Sciences,College
1143,Research Scientist,1,3,Life Sciences,Bachelor
1148,Laboratory Technician,2,3,Medical,Bachelor
1150,Manufacturing Director,2,1,Medical,Below College
1152,Human Resources,1,3,Human Resources,Bachelor
1154,Research Scientist,1,3,Life Sciences,Bachelor
1156,Laboratory Technician,1,1,Medical,Below College
1157,Sales Executive,2,4,Marketing,Master
1158,Laboratory Technician,1,4,Life Sciences,Master
1160,Laboratory Technician,1,3,Medical,Bachelor
1161,Healthcare Representative,2,2,Medical,College
1162,Research Scientist,1,3,Life Sciences,Bachelor
1163,Sales Executive,2,1,Life Sciences,Below College
1164,Human Resources,1,4,Technical Degree,Master
1165,Sales Executive,3,1,Life Sciences,Below College
1166,Research Director,3,4,Medical,Master
1167,Sales Executive,4,3,Life Sciences,Bachelor
1171,Sales Executive,2,4,Marketing,Master
1172,Laboratory Technician,1,4,Medical,Master
1173,Laboratory Technician,1,3,Medical,Bachelor
1175,Laboratory Technician,1,1,Life Sciences,Below College
1177,Laboratory Technician,1,4,Medical,Master
1179,Sales Executive,2,3,Marketing,Bachelor
1180,Research Scientist,2,2,Medical,College
1182,Manufacturing Director,3,3,Life Sciences,Bachelor
1184,Healthcare Representative,2,3,Medical,Bachelor
1185,Laboratory Technician,1,4,Other,Master
1188,Sales Executive,2,3,Marketing,Bachelor
1190,Sales Representative,1,1,Life Sciences,Below College
1191,Manager,5,4,Technical Degree,Master
1192,Laboratory Technician,1,1,Medical,Below College
1193,Research Scientist,1,2,Life Sciences,College
1195,Research Scientist,1,3,Medical,Bachelor
1196,Manufacturing Director,2,3,Life Sciences,Bachelor
1198,Laboratory Technician,1,3,Life Sciences,Bachelor
1200,Research Scientist,1,4,Life Sciences,Master
1201,Manager,5,2,Medical,College
1202,Research Scientist,1,1,Life Sciences,Below College
1203,Research Scientist,1,4,Life Sciences,Master
1204,Manager,4,3,Marketing,Bachelor
1206,Research Scientist,1,3,Life Sciences,Bachelor
1207,Human Resources,1,3,Human Resources,Bachelor
1210,Research Scientist,1,2,Life Sciences,College
1211,Sales Executive,2,4,Life Sciences,Master
1212,Sales Executive,2,4,Medical,Master
1215,Manager,4,3,Medical,Bachelor
1216,Laboratory Technician,1,4,Medical,Master
1217,Research Director,5,2,Life Sciences,College
1218,Sales Executive,2,4,Life Sciences,Master
1219,Laboratory Technician,1,2,Life Sciences,College
1220,Sales Executive,2,3,Medical,Bachelor
1221,Laboratory Technician,1,4,Life Sciences,Master
1224,Laboratory Technician,2,4,Life Sciences,Master
1225,Research Scientist,2,4,Other,Master
1226,Sales Representative,1,3,Marketing,Bachelor
1228,Manufacturing Director,2,4,Technical Degree,Master
1231,Human Resources,2,5,Medical,Doctor
1233,Sales Executive,2,4,Marketing,Master
1234,Laboratory Technician,1,3,Other,Bachelor
1235,Research Scientist,2,2,Life Sciences,College
1237,Manufacturing Director,3,3,Technical Degree,Bachelor
1238,Research Scientist,1,3,Medical,Bachelor
1239,Sales Executive,2,3,Technical Degree,Bachelor
1240,Sales Executive,2,4,Life Sciences,Master
1241,Research Scientist,1,3,Medical,Bachelor
1242,Research Director,3,5,Medical,Doctor
1243,Sales Executive,3,2,Marketing,College
1244,Research Scientist,1,3,Life Sciences,Bachelor
1245,Manufacturing Director,3,4,Life Sciences,Master
1246,Research Scientist,1,1,Life Sciences,Below College
1248,Research Scientist,1,3,Medical,Bachelor
1249,Research Scientist,1,3,Life Sciences,Bachelor
1250,Research Director,4,3,Life Sciences,Bachelor
1251,Healthcare Representative,2,2,Medical,College
1252,Healthcare Representative,2,3,Medical,Bachelor
1254,Sales Executive,2,3,Life Sciences,Bachelor
1255,Research Director,5,3,Life Sciences,Bachelor
1256,Manager,5,2,Medical,College
1257,Research Scientist,1,3,Technical Degree,Bachelor
1258,Laboratory Technician,1,2,Technical Degree,College
1259,Research Scientist,1,2,Life Sciences,College
1260,Healthcare Representative,2,3,Life Sciences,Bachelor
1263,Research Director,5,3,Life Sciences,Bachelor
1264,Research Director,4,3,Life Sciences,Bachelor
1265,Research Scientist,1,3,Technical Degree,Bachelor
1267,Manager,5,3,Marketing,Bachelor
1268,Sales Executive,3,5,Marketing,Doctor
1269,Research Scientist,1,3,Life Sciences,Bachelor
1270,Research Scientist,1,2,Life Sciences,College
1273,Sales Representative,1,1,Life Sciences,Below College
1275,Research Scientist,1,2,Life Sciences,College
1277,Manager,5,3,Marketing,Bachelor
1278,Healthcare Representative,4,1,Medical,Below College
1279,Laboratory Technician,1,2,Life Sciences,College
1280,Manager,5,2,Marketing,College
1281,Sales Executive,2,3,Marketing,Bachelor
1282,Manager,5,3,Life Sciences,Bachelor
1283,Manufacturing Director,3,4,Medical,Master
1285,Laboratory Technician,2,3,Medical,Bachelor
1286,Laboratory Technician,1,4,Medical,Master
1288,Manager,5,2,Life Sciences,College
1289,Human Resources,2,3,Life Sciences,Bachelor
1291,Research Scientist,1,1,Life Sciences,Below College
1292,Research Scientist,2,4,Medical,Master
1293,Sales Executive,3,4,Marketing,Master
1294,Manufacturing Director,2,4,Life Sciences,Master
1295,Healthcare Representative,3,3,Medical,Bachelor
1296,Laboratory Technician,1,3,Life Sciences,Bachelor
1297,Laboratory Technician,1,2,Medical,College
1298,Manufacturing Director,2,2,Medical,College
1299,Laboratory Technician,1,3,Technical Degree,Bachelor
1301,Research Scientist,1,3,Technical Degree,Bachelor
1303,Research Scientist,1,3,Medical,Bachelor
1304,Sales Executive,2,3,Medical,Bachelor
1306,Manager,5,3,Medical,Bachelor
1307,Manager,4,4,Medical,Master
1308,Research Scientist,1,4,Life Sciences,Master
1309,Laboratory Technician,2,2,Life Sciences,College
1310,Research Scientist,1,3,Medical,Bachelor
1311,Laboratory Technician,2,3,Technical Degree,Bachelor
1312,Healthcare Representative,3,4,Technical Degree,Master
1314,Human Resources,1,2,Life Sciences,College
1315,Laboratory Technician,2,3,Life Sciences,Bachelor
1317,Research Director,4,3,Life Sciences,Bachelor
1318,Sales Executive,3,4,Marketing,Master
1319,Sales Executive,3,3,Life Sciences,Bachelor
1321,Manager,3,4,Medical,Master
1322,Manufacturing Director,2,2,Life Sciences,College
1324,Sales Executive,3,4,Life Sciences,Master
1329,Sales Executive,2,2,Medical,College
1331,Sales Representative,1,3,Life Sciences,Bachelor
1333,Laboratory Technician,1,3,Life Sciences,Bachelor
1334,Manager,4,1,Life Sciences,Below College
1336,Manager,5,2,Medical,College
1338,Manager,5,4,Life Sciences,Master
1340,Research Scientist,1,2,Life Sciences,College
1344,Healthcare Representative,3,3,Life Sciences,Bachelor
1346,Research Scientist,2,3,Life Sciences,Bachelor
1349,Sales Executive,2,3,Marketing,Bachelor
1350,Research Scientist,2,4,Life Sciences,Master
1352,Manager,4,3,Life Sciences,Bachelor
1355,Sales Executive,2,2,Life Sciences,College
1356,Sales Executive,2,2,Medical,College
1358,Laboratory Technician,1,1,Medical,Below College
1360,Manufacturing Director,3,4,Medical,Master
1361,Laboratory Technician,1,4,Life Sciences,Master
1362,Sales Executive,2,3,Marketing,Bachelor
1363,Manufacturing Director,3,3,Life Sciences,Bachelor
1364,Sales Representative,1,3,Medical,Bachelor
1367,Manufacturing Director,4,2,Technical Degree,College
1368,Laboratory Technician,1,3,Life Sciences,Bachelor
1369,Laboratory Technician,2,3,Medical,Bachelor
1371,Sales Executive,2,1,Life Sciences,Below College
1372,Sales Executive,4,4,Marketing,Master
1373,Manufacturing Director,4,3,Life Sciences,Bachelor
1374,Research Scientist,1,1,Technical Degree,Below College
1375,Healthcare Representative,2,1,Medical,Below College
1377,Laboratory Technician,2,3,Medical,Bachelor
1379,Sales Representative,1,3,Life Sciences,Bachelor
1380,Sales Executive,2,4,Marketing,Master
1382,Research Scientist,1,3,Life Sciences,Bachelor
1383,Healthcare Representative,2,4,Technical Degree,Master
1387,Sales Executive,2,3,Life Sciences,Bachelor
1389,Manufacturing Director,2,4,Medical,Master
1390,Sales Executive,2,4,Life Sciences,Master
1391,Sales Executive,3,3,Marketing,Bachelor
1392,Research Scientist,2,3,Life Sciences,Bachelor
1394,Research Scientist,1,1,Life Sciences,Below College
1395,Sales Executive,2,1,Life Sciences,Below College
1396,Sales Executive,2,1,Marketing,Below College
1397,Healthcare Representative,3,2,Life Sciences,College
1399,Sales Executive,2,1,Life Sciences,Below College
1401,Manufacturing Director,4,2,Medical,College
1402,Research Scientist,2,3,Medical,Bachelor
1403,Sales Executive,2,3,Marketing,Bachelor
1405,Research Scientist,1,4,Life Sciences,Master
1407,Research Scientist,1,1,Medical,Below College
1408,Manager,4,3,Human Resources,Bachelor
1409,Laboratory Technician,1,4,Other,Master
1411,Laboratory Technician,1,3,Medical,Bachelor
1412,Manufacturing Director,3,2,Life Sciences,College
1415,Laboratory Technician,1,3,Technical Degree,Bachelor
1417,Laboratory Technician,1,3,Other,Bachelor
1419,Human Resources,3,3,Other,Bachelor
1420,Laboratory Technician,2,2,Life Sciences,College
1421,Healthcare Representative,3,1,Other,Below College
1422,Research Director,4,3,Medical,Bachelor
1423,Research Director,5,3,Medical,Bachelor
1424,Research Director,4,4,Medical,Master
1425,Sales Executive,2,4,Marketing,Master
1427,Sales Representative,1,4,Life Sciences,Master
1428,Sales Executive,2,4,Marketing,Master
1430,Research Director,4,5,Life Sciences,Doctor
1431,Research Scientist,1,4,Other,Master
1433,Research Scientist,1,3,Life Sciences,Bachelor
1434,Laboratory Technician,1,1,Life Sciences,Below College
1435,Laboratory Technician,2,4,Life Sciences,Master
1436,Sales Executive,2,4,Marketing,Master
1438,Research Scientist,1,3,Technical Degree,Bachelor
1439,Sales Representative,1,2,Life Sciences,College
1440,Laboratory Technician,1,2,Technical Degree,College
1441,Research Scientist,1,2,Life Sciences,College
1443,Research Director,4,4,Medical,Master
1445,Sales Executive,2,1,Medical,Below College
1446,Sales Executive,2,5,Marketing,Doctor
1447,Laboratory Technician,1,3,Life Sciences,Bachelor
1448,Research Scientist,1,5,Medical,Doctor
1449,Laboratory Technician,2,4,Other,Master
1453,Sales Executive,3,2,Life Sciences,College
1457,Sales Executive,3,3,Marketing,Bachelor
1458,Laboratory Technician,1,3,Life Sciences,Bachelor
1459,Manufacturing Director,3,5,Life Sciences,Doctor
1460,Healthcare Representative,3,3,Medical,Bachelor
1461,Human Resources,1,2,Medical,College
1464,Laboratory Technician,1,3,Life Sciences,Bachelor
1465,Manufacturing Director,3,3,Technical Degree,Bachelor
1466,Sales Executive,2,3,Marketing,Bachelor
1467,Human Resources,1,4,Technical Degree,Master
1468,Research Director,3,1,Medical,Below College
1469,Sales Executive,2,3,Medical,Bachelor
1471,Laboratory Technician,1,3,Life Sciences,Bachelor
1472,Research Director,4,3,Medical,Bachelor
1473,Healthcare Representative,2,4,Technical Degree,Master
1474,Research Scientist,1,3,Medical,Bachelor
1475,Research Scientist,1,3,Life Sciences,Bachelor
1477,Sales Executive,2,3,Medical,Bachelor
1478,Sales Executive,2,3,Other,Bachelor
1479,Sales Executive,2,1,Life Sciences,Below College
1480,Laboratory Technician,1,2,Medical,College
1481,Sales Executive,2,5,Marketing,Doctor
1482,Research Scientist,1,3,Technical Degree,Bachelor
1483,Research Scientist,2,2,Life Sciences,College
1484,Healthcare Representative,3,4,Life Sciences,Master
1485,Research Director,4,3,Medical,Bachelor
1486,Sales Representative,1,3,Technical Degree,Bachelor
1487,Sales Executive,2,3,Technical Degree,Bachelor
1489,Sales Executive,2,4,Medical,Master
1492,Sales Representative,1,1,Life Sciences,Below College
1494,Laboratory Technician,1,3,Medical,Bachelor
1495,Sales Representative,1,2,Life Sciences,College
1496,Manufacturing Director,3,1,Medical,Below College
1497,Sales Executive,2,3,Life Sciences,Bachelor
1499,Human Resources,1,3,Life Sciences,Bachelor
1501,Healthcare Representative,2,4,Life Sciences,Master
1502,Laboratory Technician,1,4,Medical,Master
1503,Sales Executive,2,3,Medical,Bachelor
1504,Laboratory Technician,1,2,Medical,College
1506,Research Scientist,1,3,Life Sciences,Bachelor
1507,Sales Executive,2,3,Life Sciences,Bachelor
1509,Laboratory Technician,2,2,Medical,College
1513,Laboratory Technician,1,1,Life Sciences,Below College
1514,Manufacturing Director,2,1,Life Sciences,Below College
1515,Healthcare Representative,2,5,Life Sciences,Doctor
1516,Manager,3,3,Medical,Bachelor
1520,Manager,4,4,Medical,Master
1522,Research Scientist,1,4,Technical Degree,Master
1523,Research Director,4,3,Life Sciences,Bachelor
1525,Manufacturing Director,3,3,Life Sciences,Bachelor
1527,Manager,4,3,Life Sciences,Bachelor
1529,Healthcare Representative,3,3,Life Sciences,Bachelor
1533,Laboratory Technician,2,1,Life Sciences,Below College
1534,Laboratory Technician,1,4,Life Sciences,Master
1535,Sales Executive,3,3,Technical Degree,Bachelor
1537,Research Scientist,1,3,Life Sciences,Bachelor
1539,Research Director,4,5,Medical,Doctor
1541,Sales Representative,1,2,Technical Degree,College
1542,Laboratory Technician,1,3,Medical,Bachelor
1543,Research Scientist,2,3,Medical,Bachelor
1544,Healthcare Representative,2,1,Other,Below College
1545,Manufacturing Director,2,3,Life Sciences,Bachelor
1546,Research Scientist,1,3,Technical Degree,Bachelor
1547,Healthcare Representative,3,3,Life Sciences,Bachelor
1548,Sales Executive,2,2,Medical,College
1549,Laboratory Technician,2,4,Life Sciences,Master
1550,Manager,4,2,Medical,College
1551,Laboratory Technician,1,2,Technical Degree,College
1552,Healthcare Representative,2,2,Life Sciences,College
1553,Healthcare Representative,3,4,Technical Degree,Master
1554,Sales Representative,1,4,Life Sciences,Master
1555,Research Scientist,2,2,Life Sciences,College
1556,Sales Representative,1,4,Life Sciences,Master
1557,Sales Executive,2,4,Life Sciences,Master
1558,Research Scientist,1,3,Life Sciences,Bachelor
1560,Sales Executive,2,4,Life Sciences,Master
1562,Sales Executive,2,3,Life Sciences,Bachelor
1563,Human Resources,2,4,Human Resources,Master
1564,Laboratory Technician,1,3,Medical,Bachelor
1568,Sales Executive,3,4,Technical Degree,Master
1569,Laboratory Technician,1,3,Life Sciences,Bachelor
1572,Manufacturing Director,3,5,Technical Degree,Doctor
1573,Manufacturing Director,2,3,Medical,Bachelor
1574,Research Scientist,2,4,Technical Degree,Master
1576,Research Scientist,1,4,Other,Master
1577,Research Scientist,1,4,Medical,Master
1578,Manager,5,5,Marketing,Doctor
1580,Research Scientist,2,4,Life Sciences,Master
1581,Research Scientist,1,3,Life Sciences,Bachelor
1582,Sales Executive,2,3,Life Sciences,Bachelor
1583,Sales Executive,2,3,Life Sciences,Bachelor
1585,Sales Executive,2,4,Life Sciences,Master
1586,Laboratory Technician,1,1,Medical,Below College
1587,Healthcare Representative,2,4,Medical,Master
1588,Sales Executive,3,3,Medical,Bachelor
1590,Healthcare Representative,2,1,Life Sciences,Below College
1591,Manager,5,3,Marketing,Bachelor
1592,Research Scientist,1,3,Technical Degree,Bachelor
1594,Laboratory Technician,2,4,Life Sciences,Master
1595,Manager,5,2,Other,College
1596,Laboratory Technician,2,3,Life Sciences,Bachelor
1597,Healthcare Representative,2,4,Technical Degree,Master
1598,Sales Executive,2,2,Life Sciences,College
1599,Laboratory Technician,1,3,Technical Degree,Bachelor
1601,Laboratory Technician,1,2,Life Sciences,College
1602,Manager,4,4,Life Sciences,Master
1604,Laboratory Technician,1,3,Medical,Bachelor
1605,Research Scientist,1,2,Other,College
1606,Healthcare Representative,4,5,Medical,Doctor
1607,Research Scientist,1,4,Other,Master
1608,Research Director,5,3,Medical,Bachelor
1609,Research Scientist,1,3,Medical,Bachelor
1611,Laboratory Technician,2,5,Medical,Doctor
1612,Sales Executive,2,3,Marketing,Bachelor
1613,Sales Executive,2,4,Other,Master
1614,Manufacturing Director,2,4,Life Sciences,Master
1615,Manufacturing Director,2,4,Life Sciences,Master
1617,Laboratory Technician,1,4,Life Sciences,Master
1618,Manufacturing Director,2,5,Medical,Doctor
1619,Laboratory Technician,1,3,Other,Bachelor
1621,Research Scientist,2,5,Life Sciences,Doctor
1622,Manufacturing Director,2,3,Medical,Bachelor
1623,Research Scientist,1,1,Medical,Below College
1624,Sales Representative,1,2,Medical,College
1625,Manager,5,4,Life Sciences,Master
1627,Laboratory Technician,2,2,Medical,College
1628,Manufacturing Director,3,3,Life Sciences,Bachelor
1630,Healthcare Representative,2,4,Life Sciences,Master
1631,Manufacturing Director,2,3,Life Sciences,Bachelor
1633,Manufacturing Director,2,3,Medical,Bachelor
1635,Manufacturing Director,2,2,Other,College
1638,Manufacturing Director,3,2,Medical,College
1639,Sales Executive,3,3,Medical,Bachelor
1640,Research Scientist,1,3,Medical,Bachelor
1641,Manufacturing Director,3,3,Life Sciences,Bachelor
1642,Human Resources,2,5,Human Resources,Doctor
1644,Manager,4,5,Medical,Doctor
1645,Sales Executive,2,2,Medical,College
1646,Research Scientist,1,1,Technical Degree,Below College
1647,Research Scientist,1,3,Medical,Bachelor
1648,Research Scientist,1,3,Medical,Bachelor
1649,Laboratory Technician,1,3,Life Sciences,Bachelor
1650,Sales Executive,2,3,Medical,Bachelor
1651,Healthcare Representative,3,4,Life Sciences,Master
1653,Manufacturing Director,2,1,Life Sciences,Below College
1654,Manufacturing Director,2,3,Medical,Bachelor
1655,Research Director,4,4,Other,Master
1656,Research Director,3,5,Life Sciences,Doctor
1657,Sales Representative,1,3,Medical,Bachelor
1658,Research Scientist,2,3,Life Sciences,Bachelor
1659,Laboratory Technician,1,3,Life Sciences,Bachelor
1661,Healthcare Representative,4,1,Life Sciences,Below College
1662,Manufacturing Director,2,4,Medical,Master
1664,Healthcare Representative,2,2,Life Sciences,College
1665,Manager,4,5,Medical,Doctor
1666,Research Director,4,2,Life Sciences,College
1667,Sales Executive,2,4,Other,Master
1668,Research Scientist,2,3,Life Sciences,Bachelor
1669,Sales Executive,2,3,Medical,Bachelor
1670,Sales Executive,2,4,Medical,Master
1671,Research Scientist,2,3,Medical,Bachelor
1673,Sales Executive,2,4,Life Sciences,Master
1674,Laboratory Technician,1,3,Medical,Bachelor
1675,Laboratory Technician,1,3,Medical,Bachelor
1676,Manager,4,4,Life Sciences,Master
1677,Manager,4,3,Life Sciences,Bachelor
1678,Sales Executive,3,2,Life Sciences,College
1680,Sales Representative,1,1,Life Sciences,Below College
1681,Sales Executive,2,3,Life Sciences,Bachelor
1682,Healthcare Representative,2,4,Life Sciences,Master
1683,Human Resources,1,3,Life Sciences,Bachelor
1684,Laboratory Technician,1,1,Medical,Below College
1687,Laboratory Technician,1,2,Medical,College
1689,Healthcare Representative,3,4,Medical,Master
1691,Sales Representative,1,2,Medical,College
1692,Laboratory Technician,1,4,Life Sciences,Master
1693,Laboratory Technician,1,3,Medical,Bachelor
1694,Research Scientist,1,3,Technical Degree,Bachelor
1696,Laboratory Technician,2,2,Medical,College
1697,Healthcare Representative,3,4,Medical,Master
1698,Laboratory Technician,1,3,Medical,Bachelor
1700,Sales Executive,2,4,Medical,Master
1701,Research Scientist,1,3,Life Sciences,Bachelor
1702,Sales Representative,1,3,Life Sciences,Bachelor
1703,Healthcare Representative,3,3,Life Sciences,Bachelor
1704,Research Scientist,1,4,Medical,Master
1706,Sales Executive,2,3,Medical,Bachelor
1707,Research Scientist,1,3,Medical,Bachelor
1708,Sales Executive,3,3,Marketing,Bachelor
1709,Laboratory Technician,1,4,Medical,Master
1710,Sales Representative,2,4,Life Sciences,Master
1712,Healthcare Representative,3,1,Life Sciences,Below College
1714,Human Resources,1,1,Human Resources,Below College
1716,Sales Executive,4,3,Life Sciences,Bachelor
1718,Laboratory Technician,1,4,Medical,Master
1719,Research Director,4,2,Technical Degree,College
1720,Research Scientist,1,3,Life Sciences,Bachelor
1721,Laboratory Technician,1,4,Life Sciences,Master
1722,Human Resources,2,3,Human Resources,Bachelor
1724,Manufacturing Director,2,2,Life Sciences,College
1725,Laboratory Technician,1,1,Medical,Below College
1727,Healthcare Representative,2,4,Life Sciences,Master
1728,Manufacturing Director,2,4,Life Sciences,Master
1729,Research Scientist,1,1,Life Sciences,Below College
1731,Sales Executive,2,4,Marketing,Master
1732,Sales Executive,3,3,Life Sciences,Bachelor
1733,Sales Executive,2,5,Marketing,Doctor
1734,Sales Executive,2,2,Life Sciences,College
1735,Laboratory Technician,1,1,Medical,Below College
1736,Manufacturing Director,2,1,Technical Degree,Below College
1737,Laboratory Technician,2,3,Life Sciences,Bachelor
1739,Sales Executive,3,3,Life Sciences,Bachelor
1740,Manager,5,4,Medical,Master
1744,Human Resources,3,3,Life Sciences,Bachelor
1745,Research Scientist,1,4,Technical Degree,Master
1746,Human Resources,1,3,Medical,Bachelor
1747,Human Resources,1,3,Human Resources,Bachelor
1749,Sales Executive,2,3,Technical Degree,Bachelor
1751,Research Scientist,1,3,Medical,Bachelor
1752,Sales Representative,1,3,Marketing,Bachelor
1753,Healthcare Representative,2,3,Life Sciences,Bachelor
1754,Sales Executive,3,2,Marketing,College
1755,Research Scientist,1,4,Medical,Master
1756,Sales Executive,2,3,Marketing,Bachelor
1757,Sales Executive,2,4,Marketing,Master
1758,Sales Executive,3,3,Life Sciences,Bachelor
1760,Laboratory Technician,1,2,Medical,College
1761,Sales Executive,3,4,Marketing,Master
1762,Research Scientist,1,3,Technical Degree,Bachelor
1763,Healthcare Representative,2,3,Life Sciences,Bachelor
1764,Research Scientist,1,4,Technical Degree,Master
1766,Healthcare Representative,2,3,Medical,Bachelor
1767,Research Scientist,1,3,Technical Degree,Bachelor
1768,Laboratory Technician,1,3,Medical,Bachelor
1770,Research Director,5,3,Medical,Bachelor
1771,Research Scientist,2,3,Technical Degree,Bachelor
1772,Laboratory Technician,1,4,Life Sciences,Master
1774,Sales Executive,2,3,Life Sciences,Bachelor
1775,Manufacturing Director,4,4,Medical,Master
1778,Human Resources,1,3,Life Sciences,Bachelor
1779,Sales Executive,2,2,Life Sciences,College
1780,Sales Representative,1,1,Marketing,Below College
1782,Laboratory Technician,1,2,Other,College
1783,Laboratory Technician,1,1,Medical,Below College
1784,Sales Executive,2,4,Marketing,Master
1786,Manager,3,3,Technical Degree,Bachelor
1787,Sales Executive,2,2,Marketing,College
1789,Research Director,5,4,Medical,Master
1790,Healthcare Representative,3,3,Life Sciences,Bachelor
1792,Research Scientist,1,2,Medical,College
1794,Human Resources,2,2,Other,College
1797,Sales Executive,2,3,Life Sciences,Bachelor
1798,Research Scientist,1,4,Life Sciences,Master
1799,Research Scientist,1,3,Life Sciences,Bachelor
1800,Research Director,3,1,Medical,Below College
1801,Sales Executive,2,2,Life Sciences,College
1802,Laboratory Technician,1,2,Life Sciences,College
1803,Healthcare Representative,2,3,Medical,Bachelor
1804,Manufacturing Director,2,2,Medical,College
1805,Human Resources,1,3,Human Resources,Bachelor
1807,Laboratory Technician,2,4,Life Sciences,Master
1809,Manufacturing Director,2,4,Medical,Master
1812,Sales Executive,2,3,Life Sciences,Bachelor
1813,Research Scientist,1,3,Life Sciences,Bachelor
1814,Healthcare Representative,2,3,Life Sciences,Bachelor
1815,Sales Executive,3,1,Marketing,Below College
1816,Manufacturing Director,3,3,Medical,Bachelor
1818,Human Resources,1,2,Medical,College
1821,Healthcare Representative,2,2,Medical,College
1822,Healthcare Representative,2,3,Life Sciences,Bachelor
1823,Sales Executive,2,2,Technical Degree,College
1824,Manager,4,3,Medical,Bachelor
1826,Laboratory Technician,1,4,Medical,Master
1827,Manufacturing Director,3,3,Life Sciences,Bachelor
1829,Healthcare Representative,2,3,Life Sciences,Bachelor
1830,Research Scientist,2,4,Medical,Master
1833,Sales Executive,3,4,Marketing,Master
1834,Research Scientist,1,3,Medical,Bachelor
1835,Sales Representative,2,4,Marketing,Master
1836,Sales Executive,2,3,Medical,Bachelor
1837,Research Director,4,4,Life Sciences,Master
1839,Research Scientist,1,3,Medical,Bachelor
1842,Human Resources,1,5,Human Resources,Doctor
1844,Human Resources,1,3,Human Resources,Bachelor
1845,Sales Executive,2,4,Life Sciences,Master
1847,Research Scientist,2,4,Other,Master
1849,Sales Executive,2,4,Life Sciences,Master
1850,Laboratory Technician,1,2,Life Sciences,College
1852,Laboratory Technician,1,1,Medical,Below College
1853,Sales Executive,2,4,Marketing,Master
1854,Research Scientist,1,4,Technical Degree,Master
1856,Laboratory Technician,1,4,Life Sciences,Master
1857,Manufacturing Director,3,2,Life Sciences,College
1858,Human Resources,1,2,Life Sciences,College
1859,Healthcare Representative,2,1,Life Sciences,Below College
1860,Laboratory Technician,1,3,Life Sciences,Bachelor
1862,Sales Executive,2,4,Marketing,Master
1863,Sales Executive,4,3,Technical Degree,Bachelor
1864,Sales Representative,2,1,Medical,Below College
1865,Human Resources,1,1,Medical,Below College
1866,Manager,5,3,Medical,Bachelor
1867,Research Director,5,3,Life Sciences,Bachelor
1868,Research Scientist,1,2,Life Sciences,College
1869,Sales Executive,3,3,Life Sciences,Bachelor
1870,Research Scientist,1,3,Life Sciences,Bachelor
1871,Research Scientist,2,4,Other,Master
1873,Research Scientist,1,4,Technical Degree,Master
1875,Sales Representative,1,3,Medical,Bachelor
1876,Sales Representative,1,3,Medical,Bachelor
1878,Research Scientist,1,1,Life Sciences,Below College
1880,Sales Executive,2,4,Technical Degree,Master
1881,Laboratory Technician,2,3,Life Sciences,Bachelor
1882,Sales Executive,3,3,Life Sciences,Bachelor
1883,Laboratory Technician,1,3,Life Sciences,Bachelor
1885,Research Scientist,2,4,Medical,Master
1886,Manufacturing Director,2,2,Other,College
1888,Manufacturing Director,2,2,Life Sciences,College
1890,Human Resources,2,1,Human Resources,Below College
1892,Manager,4,4,Life Sciences,Master
1893,Research Scientist,1,2,Life Sciences,College
1898,Sales Executive,2,2,Medical,College
1900,Manager,4,3,Medical,Bachelor
1903,Healthcare Representative,2,4,Life Sciences,Master
1905,Research Scientist,1,4,Technical Degree,Master
1907,Laboratory Technician,1,2,Life Sciences,College
1908,Sales Executive,2,2,Marketing,College
1909,Sales Executive,2,3,Marketing,Bachelor
1911,Research Director,3,3,Medical,Bachelor
1912,Sales Executive,2,2,Medical,College
1915,Sales Executive,2,1,Medical,Below College
1916,Laboratory Technician,1,3,Medical,Bachelor
1918,Laboratory Technician,1,3,Other,Bachelor
1922,Healthcare Representative,2,4,Medical,Master
1924,Sales Executive,2,4,Marketing,Master
1927,Sales Executive,2,2,Life Sciences,College
1928,Sales Representative,1,3,Technical Degree,Bachelor
1929,Sales Executive,2,4,Life Sciences,Master
1931,Research Scientist,1,4,Technical Degree,Master
1932,Research Scientist,2,4,Other,Master
1933,Sales Executive,2,2,Marketing,College
1934,Research Scientist,2,4,Technical Degree,Master
1935,Sales Executive,2,5,Marketing,Doctor
1936,Manufacturing Director,2,2,Medical,College
1937,Research Scientist,2,3,Medical,Bachelor
1938,Manager,4,3,Life Sciences,Bachelor
1939,Research Scientist,1,2,Life Sciences,College
1940,Research Scientist,1,2,Life Sciences,College
1941,Research Director,5,1,Life Sciences,Below College
1943,Sales Executive,2,4,Marketing,Master
1944,Human Resources,1,3,Human Resources,Bachelor
1945,Sales Executive,2,4,Medical,Master
1947,Research Scientist,1,3,Medical,Bachelor
1948,Research Scientist,1,2,Medical,College
1949,Laboratory Technician,1,4,Life Sciences,Master
1950,Sales Executive,3,3,Marketing,Bachelor
1951,Sales Executive,3,4,Medical,Master
1952,Laboratory Technician,1,3,Medical,Bachelor
1954,Healthcare Representative,2,3,Life Sciences,Bachelor
1955,Healthcare Representative,2,4,Medical,Master
1956,Research Scientist,2,3,Life Sciences,Bachelor
1960,Laboratory Technician,1,3,Technical Degree,Bachelor
1961,Sales Representative,1,3,Life Sciences,Bachelor
1962,Sales Executive,2,4,Life Sciences,Master
1965,Sales Executive,2,3,Marketing,Bachelor
1966,Manufacturing Director,2,4,Life Sciences,Master
1967,Sales Executive,2,4,Marketing,Master
1968,Sales Executive,3,4,Life Sciences,Master
1969,Research Scientist,2,2,Life Sciences,College
1970,Healthcare Representative,2,2,Life Sciences,College
1971,Healthcare Representative,3,3,Life Sciences,Bachelor
1972,Human Resources,1,4,Other,Master
1973,Manager,5,4,Human Resources,Master
1974,Laboratory Technician,1,1,Medical,Below College
1975,Sales Executive,4,4,Marketing,Master
1976,Research Scientist,2,2,Life Sciences,College
1979,Research Director,3,3,Medical,Bachelor
1980,Manufacturing Director,2,3,Medical,Bachelor
1981,Healthcare Representative,2,2,Life Sciences,College
1982,Laboratory Technician,1,2,Other,College
1985,Laboratory Technician,2,3,Technical Degree,Bachelor
1986,Sales Executive,2,2,Marketing,College
1987,Human Resources,1,3,Human Resources,Bachelor
1989,Laboratory Technician,1,2,Medical,College
1992,Laboratory Technician,1,1,Other,Below College
1993,Healthcare Representative,3,3,Medical,Bachelor
1994,Laboratory Technician,1,2,Medical,College
1995,Sales Executive,2,4,Life Sciences,Master
1996,Sales Representative,1,2,Life Sciences,College
1997,Manufacturing Director,2,4,Life Sciences,Master
1998,Research Scientist,2,4,Life Sciences,Master
1999,Research Scientist,1,3,Life Sciences,Bachelor
2000,Research Director,3,1,Medical,Below College
2003,Laboratory Technician,1,4,Medical,Master
2007,Research Scientist,1,2,Life Sciences,College
2008,Research Scientist,2,4,Medical,Master
2009,Healthcare Representative,2,2,Medical,College
2010,Laboratory Technician,1,4,Life Sciences,Master
2012,Laboratory Technician,1,4,Life Sciences,Master
2013,Sales Representative,1,4,Medical,Master
2014,Research Scientist,2,1,Life Sciences,Below College
2015,Research Director,3,3,Medical,Bachelor
2016,Sales Executive,3,4,Marketing,Master
2017,Research Director,3,3,Life Sciences,Bachelor
2018,Sales Executive,2,2,Other,College
2019,Sales Representative,1,4,Life Sciences,Master
2020,Research Scientist,1,3,Medical,Bachelor
2021,Sales Representative,1,1,Medical,Below College
2022,Manager,5,3,Life Sciences,Bachelor
2023,Sales Representative,1,3,Marketing,Bachelor
2024,Sales Executive,3,3,Medical,Bachelor
2025,Manufacturing Director,2,2,Life Sciences,College
2026,Healthcare Representative,2,4,Life Sciences,Master
2027,Research Scientist,1,4,Medical,Master
2031,Manager,5,3,Life Sciences,Bachelor
2032,Laboratory Technician,1,2,Technical Degree,College
2034,Manufacturing Director,4,4,Life Sciences,Master
2035,Sales Executive,2,3,Marketing,Bachelor
2036,Sales Executive,2,4,Marketing,Master
2037,Sales Executive,2,3,Life Sciences,Bachelor
2038,Research Scientist,1,3,Technical Degree,Bachelor
2040,Human Resources,3,4,Life Sciences,Master
2041,Sales Executive,2,2,Life Sciences,College
2044,Sales Executive,2,4,Life Sciences,Master
2045,Sales Executive,2,4,Marketing,Master
2046,Sales Executive,2,3,Life Sciences,Bachelor
2048,Research Scientist,1,4,Life Sciences,Master
2049,Healthcare Representative,2,4,Life Sciences,Master
2051,Research Scientist,1,4,Medical,Master
2052,Research Scientist,1,4,Life Sciences,Master
2053,Laboratory Technician,2,2,Other,College
2054,Research Scientist,1,4,Medical,Master
2055,Sales Executive,3,3,Marketing,Bachelor
2056,Sales Executive,4,1,Marketing,Below College
2057,Manufacturing Director,2,3,Medical,Bachelor
2060,Sales Representative,1,3,Other,Bachelor
2061,Laboratory Technician,2,2,Medical,College
2062,Healthcare Representative,3,1,Medical,Below College
2064,Manufacturing Director,2,3,Life Sciences,Bachelor
2065,Sales Executive,2,3,Medical,Bachelor
2068,Laboratory Technician,2,3,Medical,Bachelor
